,timestamp,open,high,low,close,adjusted_close,volume,dividend_amount,split_coefficient
0,2020-09-21,201.98,203.9,200.08,202.53,202.53,1588549,0.0,1.0
1,2020-09-18,205.36,208.43,204.91,205.31,205.31,819888,0.0,1.0
2,2020-09-17,204.34,207.41,202.97,205.71,205.71,872169,0.0,1.0
3,2020-09-16,207.54,209.225,206.61,206.94,206.94,680936,0.0,1.0
4,2020-09-15,207.46,208.38,205.86,206.25,206.25,650225,0.0,1.0
5,2020-09-14,207.87,209.58,204.99,206.2,206.2,935601,0.0,1.0
6,2020-09-11,207.43,208.025,204.42,206.12,206.12,627984,0.0,1.0
7,2020-09-10,209.79,211.93,207.27,207.27,207.27,480425,0.0,1.0
8,2020-09-09,205.02,210.91,204.94,209.19,209.19,681275,0.0,1.0
9,2020-09-08,206.56,207.23,203.01,203.13,203.13,863174,0.0,1.0
10,2020-09-04,211.01,211.97,205.72,208.43,208.43,645277,0.0,1.0
11,2020-09-03,216.88,218.78,208.11,209.44,209.44,1006689,0.0,1.0
12,2020-09-02,207.86,216.87,207.86,216.17,216.17,752711,0.0,1.0
13,2020-09-01,204.73,208.81,204.14,208.37,208.37,787933,0.0,1.0
14,2020-08-31,205.73,208.0,205.255,205.53,205.53,705549,0.0,1.0
15,2020-08-28,206.8,207.38,204.48,205.66,205.66,601907,0.0,1.0
16,2020-08-27,202.1,206.66,201.32,205.56,205.56,616724,0.0,1.0
17,2020-08-26,196.19,203.35,195.22,201.57,201.57,895661,0.0,1.0
18,2020-08-25,195.96,199.48,194.3,197.26,197.26,1344197,0.0,1.0
19,2020-08-24,198.69,198.745,193.115,194.6,194.6,1380807,0.0,1.0
20,2020-08-21,202.68,202.68,197.99,198.08,198.08,854740,0.0,1.0
21,2020-08-20,201.98,203.62,201.605,202.1,202.1,763384,0.0,1.0
22,2020-08-19,201.0,204.71,200.68,203.3,203.3,640160,0.0,1.0
23,2020-08-18,202.19,203.0,199.33,201.31,201.31,1160700,0.0,1.0
24,2020-08-17,201.04,204.55,201.04,201.67,201.67,669103,0.0,1.0
25,2020-08-14,198.41,201.67,198.41,201.51,201.51,433319,0.0,1.0
26,2020-08-13,193.13,199.125,193.13,198.75,198.75,542873,0.0,1.0
27,2020-08-12,197.7,198.09,194.48,195.39,195.39,1323217,0.0,1.0
28,2020-08-11,198.51,198.535,195.805,196.0,196.0,1232050,0.0,1.0
29,2020-08-10,199.94,200.57,196.7,197.08,197.08,427875,0.0,1.0
30,2020-08-07,198.8,200.21,197.61,199.47,199.47,682061,0.0,1.0
31,2020-08-06,201.95,202.69,198.72,199.95,199.95,1010383,0.0,1.0
32,2020-08-05,203.71,205.04,201.985,202.52,202.52,999399,0.0,1.0
33,2020-08-04,205.17,207.02,202.0,204.73,204.73,899660,0.0,1.0
34,2020-08-03,210.73,211.62,204.08,204.65,204.65,744228,0.0,1.0
35,2020-07-31,211.28,211.874,205.45,210.01,210.01,561064,0.0,1.0
36,2020-07-30,209.22,211.97,207.03,211.49,211.49,394445,0.0,1.0
37,2020-07-29,209.31,211.19,208.075,210.13,210.13,619699,0.0,1.0
38,2020-07-28,211.31,212.82,209.32,209.94,209.94,463267,0.0,1.0
39,2020-07-27,211.64,212.535,209.49,211.51,211.51,271366,0.0,1.0
40,2020-07-24,212.65,213.57,210.86,211.52,211.52,413521,0.0,1.0
41,2020-07-23,212.86,213.43,210.785,212.0,212.0,502103,0.0,1.0
42,2020-07-22,209.99,212.68,209.35,212.51,212.51,281586,0.0,1.0
43,2020-07-21,208.83,210.99,208.54,210.98,210.98,480264,0.0,1.0
44,2020-07-20,207.36,209.12,207.1,207.93,207.93,619824,0.0,1.0
45,2020-07-17,207.77,209.0,206.65,208.5,208.5,736500,0.0,1.0
46,2020-07-16,206.02,208.07,205.38,207.49,207.49,569600,0.0,1.0
47,2020-07-15,205.12,206.96,204.33,206.12,206.12,582500,0.0,1.0
48,2020-07-14,202.94,205.79,202.37,203.95,203.95,594100,0.0,1.0
49,2020-07-13,203.84,204.64,200.8,201.47,201.47,481200,0.0,1.0
50,2020-07-10,199.76,202.69,198.49,202.33,202.33,444300,0.0,1.0
51,2020-07-09,199.29,200.64,197.04,199.02,199.02,447400,0.0,1.0
52,2020-07-08,196.87,199.72,196.87,199.24,199.24,468400,0.0,1.0
53,2020-07-07,197.0,198.88,196.14,196.58,196.58,974000,0.0,1.0
54,2020-07-06,200.0,200.44,197.07,197.48,197.48,406200,0.0,1.0
55,2020-07-02,199.39,199.39,195.75,196.6,196.6,466500,0.0,1.0
56,2020-07-01,196.53,198.24,194.46,195.25,195.25,450500,0.0,1.0
57,2020-06-30,191.6,197.76,191.07,196.95,196.95,828600,0.0,1.0
58,2020-06-29,195.04,196.35,191.69,192.93,192.93,566100,0.68,1.0
59,2020-06-26,198.17,201.35,193.43,194.55,193.8667,1366300,0.0,1.0
60,2020-06-25,191.81,199.93,190.92,199.31,198.61,836700,0.0,1.0
61,2020-06-24,192.08,193.0,190.24,190.85,190.1797,1095500,0.0,1.0
62,2020-06-23,195.42,195.91,193.75,193.98,193.2987,650300,0.0,1.0
63,2020-06-22,188.15,195.19,188.15,193.67,192.9898,1037800,0.0,1.0
64,2020-06-19,197.73,199.6,188.44,188.85,188.1867,1772400,0.0,1.0
65,2020-06-18,196.09,200.52,195.52,196.12,195.4312,655300,0.0,1.0
66,2020-06-17,191.54,199.33,191.54,197.35,196.6569,752600,0.0,1.0
67,2020-06-16,193.48,194.62,189.61,191.63,190.957,713900,0.0,1.0
68,2020-06-15,181.57,190.66,181.57,189.36,188.6949,477400,0.0,1.0
69,2020-06-12,189.56,190.56,182.14,186.77,186.114,788700,0.0,1.0
70,2020-06-11,196.44,196.44,185.32,185.75,185.0976,754800,0.0,1.0
71,2020-06-10,200.01,201.17,197.42,199.11,198.4107,929400,0.0,1.0
72,2020-06-09,202.46,204.16,199.71,201.01,200.304,694900,0.0,1.0
73,2020-06-08,205.12,206.72,202.61,204.02,203.3034,824000,0.0,1.0
74,2020-06-05,208.13,209.93,205.82,206.81,206.0836,604500,0.0,1.0
75,2020-06-04,203.35,204.96,202.47,204.05,203.3333,595800,0.0,1.0
76,2020-06-03,201.24,208.0,201.24,204.89,204.1704,698100,0.0,1.0
77,2020-06-02,202.18,204.01,200.04,201.13,200.4236,834000,0.0,1.0
78,2020-06-01,202.82,204.05,201.31,202.46,201.7489,548300,0.0,1.0
79,2020-05-29,204.69,206.1,201.81,202.9,202.1874,915800,0.0,1.0
80,2020-05-28,207.77,208.79,202.83,205.65,204.9277,560900,0.0,1.0
81,2020-05-27,204.48,207.25,202.84,204.56,203.8415,702100,0.0,1.0
82,2020-05-26,203.68,204.3,201.43,201.65,200.9418,530700,0.0,1.0
83,2020-05-22,200.89,201.51,197.52,198.51,197.8128,571500,0.0,1.0
84,2020-05-21,201.58,202.93,199.1,200.16,199.457,902700,0.0,1.0
85,2020-05-20,203.76,207.15,202.33,202.63,201.9183,507300,0.0,1.0
86,2020-05-19,203.62,206.21,202.91,202.99,202.2771,730300,0.0,1.0
87,2020-05-18,205.76,208.94,204.04,204.74,204.0209,955000,0.0,1.0
88,2020-05-15,201.03,201.07,198.3,200.48,199.7759,1363900,0.0,1.0
89,2020-05-14,195.83,202.2,193.28,201.66,200.9517,877600,0.0,1.0
90,2020-05-13,199.58,201.81,196.51,197.17,196.4775,840200,0.0,1.0
91,2020-05-12,199.91,202.54,199.91,200.79,200.0848,1028600,0.0,1.0
92,2020-05-11,196.04,202.07,196.04,200.0,199.2976,868600,0.0,1.0
93,2020-05-08,195.29,197.4,193.13,197.35,196.6569,455900,0.0,1.0
94,2020-05-07,186.15,193.7,186.15,193.15,192.4716,659600,0.0,1.0
95,2020-05-06,190.13,191.86,183.05,183.64,182.995,529600,0.0,1.0
96,2020-05-05,184.02,190.79,184.02,189.86,189.1932,520600,0.0,1.0
97,2020-05-04,181.01,184.41,181.01,183.54,182.8954,756300,0.0,1.0
98,2020-05-01,174.15,186.55,174.15,183.34,182.6961,968900,0.0,1.0
99,2020-04-30,174.57,179.42,173.06,178.29,177.6638,1235700,0.0,1.0
100,2020-04-29,176.8,179.06,174.4,175.26,174.6444,3863400,0.0,1.0
101,2020-04-28,178.27,178.78,174.46,174.93,174.3156,1198900,0.0,1.0
102,2020-04-27,179.06,180.42,174.75,175.99,175.3719,873600,0.0,1.0
103,2020-04-24,177.28,179.65,175.64,177.22,176.5976,1441400,0.0,1.0
104,2020-04-23,184.9,184.9,175.61,177.0,176.3783,1938800,0.0,1.0
105,2020-04-22,184.87,186.66,181.82,185.86,185.2072,612900,0.0,1.0
106,2020-04-21,182.85,186.9,181.58,182.5,181.859,961200,0.0,1.0
107,2020-04-20,192.83,192.83,186.95,188.89,188.2266,1486900,0.0,1.0
108,2020-04-17,192.45,196.59,191.68,195.39,194.7037,847100,0.0,1.0
109,2020-04-16,186.44,190.82,183.67,189.19,188.5255,1009200,0.0,1.0
110,2020-04-15,190.83,194.23,184.16,185.65,184.998,1078200,0.0,1.0
111,2020-04-14,192.12,197.1,190.05,197.0,196.3081,1107200,0.0,1.0
112,2020-04-13,193.88,195.64,187.48,189.7,189.0337,802700,0.0,1.0
113,2020-04-09,191.07,196.85,189.18,196.02,195.3315,824100,0.0,1.0
114,2020-04-08,179.63,193.31,177.99,190.05,189.3825,1376400,0.0,1.0
115,2020-04-07,180.04,182.3,176.02,178.69,178.0624,1126700,0.0,1.0
116,2020-04-06,164.14,176.96,162.58,175.36,174.7441,1296100,0.0,1.0
117,2020-04-03,157.5,159.76,153.13,157.09,156.5383,1351600,0.0,1.0
118,2020-04-02,153.29,162.38,153.16,158.41,157.8536,1053600,0.0,1.0
119,2020-04-01,162.13,166.7,154.26,156.19,155.6414,1149200,0.0,1.0
120,2020-03-31,169.73,172.38,165.65,169.85,169.2535,1301600,0.0,1.0
121,2020-03-30,168.83,174.56,165.51,172.95,172.3426,1393900,0.68,1.0
122,2020-03-27,159.91,172.87,157.66,167.21,165.9702,1292200,0.0,1.0
123,2020-03-26,163.98,169.35,161.52,165.5,164.2728,2648200,0.0,1.0
124,2020-03-25,169.22,169.65,161.85,163.76,162.5457,2078200,0.0,1.0
125,2020-03-24,153.45,172.08,153.45,169.85,168.5906,1832200,0.0,1.0
126,2020-03-23,152.18,156.16,143.34,147.56,146.4659,1673500,0.0,1.0
127,2020-03-20,149.27,157.99,148.16,152.63,151.4983,1713000,0.0,1.0
128,2020-03-19,156.97,158.28,146.03,152.59,151.4586,1416300,0.0,1.0
129,2020-03-18,165.04,165.04,145.93,157.15,155.9848,1358700,0.0,1.0
130,2020-03-17,168.01,181.05,168.0,173.12,171.8363,2651800,0.0,1.0
131,2020-03-16,167.23,174.7,155.56,164.01,162.7939,1643900,0.0,1.0
132,2020-03-13,177.72,182.51,169.92,180.04,178.705,1989400,0.0,1.0
133,2020-03-12,177.58,184.32,165.42,172.8,171.5187,2169200,0.0,1.0
134,2020-03-11,182.22,195.11,178.01,188.25,186.8542,2973000,0.0,1.0
135,2020-03-10,187.95,192.89,182.22,187.67,186.2785,2639300,0.0,1.0
136,2020-03-09,200.91,208.64,178.44,184.74,183.3702,4032000,0.0,1.0
137,2020-03-06,194.95,200.74,192.34,199.71,198.2292,893300,0.0,1.0
138,2020-03-05,201.35,204.38,199.92,201.77,200.2739,1097100,0.0,1.0
139,2020-03-04,200.2,207.14,199.3,206.55,205.0185,1143400,0.0,1.0
140,2020-03-03,197.94,200.92,194.51,197.16,195.6981,1012000,0.0,1.0
141,2020-03-02,189.71,199.85,189.04,199.54,198.0604,1009900,0.0,1.0
142,2020-02-28,189.92,191.18,184.35,189.25,187.8467,1792400,0.0,1.0
143,2020-02-27,202.95,205.99,194.53,194.53,193.0876,966600,0.0,1.0
144,2020-02-26,204.54,206.48,202.81,204.44,202.9241,880600,0.0,1.0
145,2020-02-25,206.14,206.86,202.31,202.64,201.1375,768000,0.0,1.0
146,2020-02-24,206.36,207.88,204.82,205.54,204.016,675100,0.0,1.0
147,2020-02-21,208.5,208.97,206.3,208.44,206.8945,790100,0.0,1.0
148,2020-02-20,211.46,213.27,208.67,209.5,207.9466,485000,0.0,1.0
149,2020-02-19,213.39,213.65,211.69,211.76,210.1898,390500,0.0,1.0
150,2020-02-18,214.02,214.21,211.57,212.69,211.1129,428500,0.0,1.0
151,2020-02-14,211.61,213.67,211.29,213.67,212.0857,499000,0.0,1.0
152,2020-02-13,212.72,214.09,212.57,212.8,211.2221,522800,0.0,1.0
153,2020-02-12,213.23,213.88,212.2,212.72,211.1427,505200,0.0,1.0
154,2020-02-11,215.4,216.12,212.83,212.98,211.4008,594700,0.0,1.0
155,2020-02-10,208.58,214.91,208.23,214.71,213.118,727000,0.0,1.0
156,2020-02-07,209.02,212.39,208.32,210.25,208.691,808300,0.0,1.0
157,2020-02-06,208.8,211.08,206.0,208.9,207.351,1667900,0.0,1.0
158,2020-02-05,220.0,220.97,218.66,220.06,218.4283,775200,0.0,1.0
159,2020-02-04,217.25,219.13,216.62,218.57,216.9493,595900,0.0,1.0
160,2020-02-03,212.83,215.34,212.77,215.11,213.515,560800,0.0,1.0
161,2020-01-31,214.09,215.49,210.45,211.29,209.7233,478200,0.0,1.0
162,2020-01-30,211.28,214.83,210.98,214.75,213.1577,717800,0.0,1.0
163,2020-01-29,213.0,214.79,212.47,212.66,211.0832,657000,0.0,1.0
164,2020-01-28,208.34,213.72,208.34,213.0,211.4206,934800,0.0,1.0
165,2020-01-27,207.02,208.77,207.02,207.43,205.8919,500500,0.0,1.0
166,2020-01-24,207.48,209.29,206.79,209.01,207.4602,736500,0.0,1.0
167,2020-01-23,203.12,206.69,202.59,206.66,205.1277,772700,0.0,1.0
168,2020-01-22,204.62,206.09,203.51,203.75,202.2392,384300,0.0,1.0
169,2020-01-21,204.86,206.12,204.49,205.03,203.5097,632400,0.0,1.0
170,2020-01-17,205.49,206.03,204.04,204.99,203.47,822700,0.0,1.0
171,2020-01-16,205.0,206.01,203.93,204.19,202.676,610700,0.0,1.0
172,2020-01-15,203.52,205.33,203.17,204.07,202.5569,573800,0.0,1.0
173,2020-01-14,204.87,205.82,203.85,204.0,202.4874,528000,0.0,1.0
174,2020-01-13,205.25,206.04,204.49,205.0,203.48,427600,0.0,1.0
175,2020-01-10,205.75,206.56,204.55,205.0,203.48,673800,0.0,1.0
176,2020-01-09,204.46,206.14,204.46,205.0,203.48,914100,0.0,1.0
177,2020-01-08,204.85,206.13,203.73,204.39,202.8745,486400,0.0,1.0
178,2020-01-07,204.65,204.8,203.71,204.16,202.6462,443300,0.0,1.0
179,2020-01-06,204.03,204.58,201.88,204.58,203.0631,620600,0.0,1.0
180,2020-01-03,202.03,204.97,201.73,204.33,202.8149,411400,0.0,1.0
181,2020-01-02,202.87,204.28,201.34,204.28,202.7653,465800,0.0,1.0
182,2019-12-31,200.92,202.73,200.92,201.94,200.4426,323700,0.0,1.0
183,2019-12-30,201.49,201.66,200.06,201.58,200.0853,226800,0.65,1.0
184,2019-12-27,201.6,202.54,201.48,201.76,199.6203,261100,0.0,1.0
185,2019-12-26,202.22,204.48,201.19,202.02,199.8775,222700,0.0,1.0
186,2019-12-24,201.44,202.01,200.57,201.99,199.8479,103400,0.0,1.0
187,2019-12-23,205.64,206.23,201.37,201.58,199.4422,622200,0.0,1.0
188,2019-12-20,204.7,206.29,203.75,205.64,203.4592,1309600,0.0,1.0
189,2019-12-19,202.01,203.94,200.85,203.85,201.6881,528400,0.0,1.0
190,2019-12-18,201.02,202.07,200.53,201.71,199.5708,653000,0.0,1.0
191,2019-12-17,201.72,202.42,200.6,201.23,199.0959,388800,0.0,1.0
192,2019-12-16,200.89,201.95,199.7,201.17,199.0366,551000,0.0,1.0
193,2019-12-13,197.71,200.29,196.77,200.04,197.9185,641100,0.0,1.0
194,2019-12-12,194.27,198.58,194.21,198.42,196.3157,696900,0.0,1.0
195,2019-12-11,194.71,195.18,193.77,194.41,192.3483,371000,0.0,1.0
196,2019-12-10,195.63,196.41,194.27,194.59,192.5263,410200,0.0,1.0
197,2019-12-09,195.3,195.76,194.31,194.79,192.7242,480700,0.0,1.0
198,2019-12-06,195.18,196.13,194.68,195.39,193.3179,409300,0.0,1.0
199,2019-12-05,193.23,194.09,192.48,193.92,191.8634,379500,0.0,1.0
200,2019-12-04,192.32,194.32,190.42,193.28,191.2302,689700,0.0,1.0
201,2019-12-03,194.16,194.96,191.95,192.52,190.4783,926700,0.0,1.0
202,2019-12-02,196.8,196.8,194.84,195.22,193.1497,505000,0.0,1.0
203,2019-11-29,195.49,197.38,195.49,196.44,194.3567,344500,0.0,1.0
204,2019-11-27,195.55,196.67,194.18,196.35,194.2677,361400,0.0,1.0
205,2019-11-26,189.15,195.16,189.15,194.82,192.7539,1044000,0.0,1.0
206,2019-11-25,190.35,193.37,188.61,193.13,191.0818,1090400,0.0,1.0
207,2019-11-22,190.28,190.37,188.65,189.76,187.7476,409900,0.0,1.0
208,2019-11-21,190.04,190.56,188.95,189.93,187.9158,507500,0.0,1.0
209,2019-11-20,189.07,191.14,188.04,190.15,188.1334,475000,0.0,1.0
210,2019-11-19,188.42,190.24,188.42,190.2,188.1829,542500,0.0,1.0
211,2019-11-18,188.98,189.25,187.36,187.85,185.8578,466900,0.0,1.0
212,2019-11-15,190.7,190.7,188.08,188.95,186.9462,567700,0.0,1.0
213,2019-11-14,187.03,190.12,186.29,189.75,187.7377,637900,0.0,1.0
214,2019-11-13,186.82,188.29,185.45,187.62,185.6303,426600,0.0,1.0
215,2019-11-12,186.89,187.51,185.78,187.22,185.2345,501300,0.0,1.0
216,2019-11-11,183.99,186.92,183.21,186.58,184.6013,368900,0.0,1.0
217,2019-11-08,185.04,185.79,183.66,185.1,183.137,474500,0.0,1.0
218,2019-11-07,187.06,188.23,184.74,184.99,183.0282,491700,0.0,1.0
219,2019-11-06,185.52,187.06,185.0,186.67,184.6903,678000,0.0,1.0
220,2019-11-05,186.59,187.79,183.79,185.01,183.0479,562100,0.0,1.0
221,2019-11-04,189.88,190.0,185.7,186.83,184.8486,501300,0.0,1.0
222,2019-11-01,187.34,190.25,186.75,188.99,186.9857,676600,0.0,1.0
223,2019-10-31,185.72,190.81,182.77,186.9,184.9179,1411200,0.0,1.0
224,2019-10-30,185.79,190.25,185.47,190.24,188.2225,656200,0.0,1.0
225,2019-10-29,182.65,186.38,182.65,185.65,183.6812,666300,0.0,1.0
226,2019-10-28,185.88,185.88,183.05,183.38,181.4352,537300,0.0,1.0
227,2019-10-25,187.23,188.6,184.32,184.98,183.0183,490700,0.0,1.0
228,2019-10-24,185.35,187.49,183.27,187.34,185.3532,464100,0.0,1.0
229,2019-10-23,188.26,189.37,184.44,184.77,182.8105,550100,0.0,1.0
230,2019-10-22,190.04,191.29,188.49,188.78,186.778,528600,0.0,1.0
231,2019-10-21,189.21,190.25,187.72,190.05,188.0345,533200,0.0,1.0
232,2019-10-18,187.89,188.12,186.67,187.77,185.7787,619700,0.0,1.0
233,2019-10-17,188.77,189.95,187.75,187.89,185.8974,548000,0.0,1.0
234,2019-10-16,187.46,189.04,186.48,188.59,186.59,539600,0.0,1.0
235,2019-10-15,187.9,189.23,187.76,188.0,186.0062,364000,0.0,1.0
236,2019-10-14,188.08,192.02,187.3,187.64,185.65,608400,0.0,1.0
237,2019-10-11,189.78,191.69,187.93,188.1,186.1052,645300,0.0,1.0
238,2019-10-10,186.81,189.11,185.54,187.69,185.6995,459400,0.0,1.0
239,2019-10-09,185.83,186.88,183.66,186.2,184.2253,494100,0.0,1.0
240,2019-10-08,186.09,186.69,177.6,184.36,182.4048,572000,0.0,1.0
241,2019-10-07,187.82,188.73,186.61,187.59,185.6006,461900,0.0,1.0
242,2019-10-04,185.05,189.44,185.05,188.65,186.6493,578500,0.0,1.0
243,2019-10-03,184.47,185.96,182.22,184.99,183.0282,444400,0.0,1.0
244,2019-10-02,187.37,187.62,182.85,184.21,182.2564,773400,0.0,1.0
245,2019-10-01,194.34,197.71,187.74,187.93,185.937,542000,0.0,1.0
246,2019-09-30,193.99,197.0,192.37,192.97,190.9235,531900,0.0,1.0
247,2019-09-27,197.82,198.02,192.66,192.7,190.6564,551500,0.65,1.0
248,2019-09-26,196.41,198.58,195.2,198.02,195.2613,450100,0.0,1.0
249,2019-09-25,196.8,197.45,196.02,196.8,194.0583,451200,0.0,1.0
250,2019-09-24,198.14,199.59,196.02,197.3,194.5514,627800,0.0,1.0
251,2019-09-23,195.42,197.75,195.02,197.4,194.65,395600,0.0,1.0
252,2019-09-20,197.63,199.21,195.0,196.37,193.6343,745600,0.0,1.0
253,2019-09-19,198.15,199.87,197.85,198.2,195.4388,325900,0.0,1.0
254,2019-09-18,198.38,198.91,195.55,198.69,195.922,448000,0.0,1.0
255,2019-09-17,194.87,199.3,194.87,198.64,195.8727,673800,0.0,1.0
256,2019-09-16,192.98,195.16,192.76,195.01,192.2933,389000,0.0,1.0
257,2019-09-13,195.15,196.9,193.35,194.7,191.9876,401300,0.0,1.0
258,2019-09-12,192.48,195.51,192.48,194.69,191.9777,418600,0.0,1.0
259,2019-09-11,191.42,192.5,190.15,191.74,189.0688,462600,0.0,1.0
260,2019-09-10,195.63,195.63,186.89,189.69,187.0474,726800,0.0,1.0
261,2019-09-09,198.35,198.99,195.22,195.53,192.806,486500,0.0,1.0
262,2019-09-06,198.23,198.95,197.23,197.75,194.9951,369400,0.0,1.0
263,2019-09-05,199.06,199.64,196.97,197.69,194.9359,343300,0.0,1.0
264,2019-09-04,194.28,197.01,194.28,196.52,193.7822,461600,0.0,1.0
265,2019-09-03,197.3,197.98,194.72,195.66,192.9342,501600,0.0,1.0
266,2019-08-30,196.66,198.48,196.42,197.97,195.212,649600,0.0,1.0
267,2019-08-29,194.18,195.78,193.39,195.5,192.7764,370400,0.0,1.0
268,2019-08-28,190.74,192.69,184.71,192.31,189.6309,429100,0.0,1.0
269,2019-08-27,193.09,193.59,190.89,191.26,188.5955,357900,0.0,1.0
270,2019-08-26,190.74,192.06,189.32,192.0,189.3252,365000,0.0,1.0
271,2019-08-23,193.42,194.95,188.05,189.21,186.5741,601900,0.0,1.0
272,2019-08-22,195.0,195.6,191.99,194.3,191.5932,312800,0.0,1.0
273,2019-08-21,194.76,197.52,192.55,193.75,191.0508,368500,0.0,1.0
274,2019-08-20,196.87,197.39,192.78,193.37,190.6761,447400,0.0,1.0
275,2019-08-19,197.14,198.48,195.67,197.46,194.7091,562000,0.0,1.0
276,2019-08-16,192.13,194.77,190.87,194.55,191.8397,1534200,0.0,1.0
277,2019-08-15,190.26,191.29,188.6,190.46,187.8066,950400,0.0,1.0
278,2019-08-14,193.04,194.36,189.68,190.34,187.6883,1015000,0.0,1.0
279,2019-08-13,192.94,196.79,192.3,195.0,192.2834,1478400,0.0,1.0
280,2019-08-12,196.73,197.06,192.56,192.93,190.2422,550500,0.0,1.0
281,2019-08-09,198.0,199.74,196.29,197.22,194.4725,853700,0.0,1.0
282,2019-08-08,194.26,198.31,193.28,198.22,195.4585,644500,0.0,1.0
283,2019-08-07,190.93,194.26,189.52,193.35,190.6564,506600,0.0,1.0
284,2019-08-06,188.71,194.59,188.24,194.15,191.4452,684300,0.0,1.0
285,2019-08-05,194.08,196.34,186.69,188.71,186.081,1156700,0.0,1.0
286,2019-08-02,196.2,197.59,192.06,195.38,192.6581,670900,0.0,1.0
287,2019-08-01,195.9,200.93,195.4,196.04,193.3089,608600,0.0,1.0
288,2019-07-31,199.48,200.9,192.91,195.22,192.5003,1414500,0.0,1.0
289,2019-07-30,199.09,199.35,196.97,197.49,194.7387,538200,0.0,1.0
290,2019-07-29,198.63,199.9,197.64,199.36,196.5827,595200,0.0,1.0
291,2019-07-26,196.99,199.49,196.09,199.18,196.4052,480700,0.0,1.0
292,2019-07-25,197.31,198.19,196.3,196.65,193.9104,433000,0.0,1.0
293,2019-07-24,196.06,197.34,194.92,197.18,194.433,365300,0.0,1.0
294,2019-07-23,196.52,197.06,194.8,196.64,193.9006,273900,0.0,1.0
295,2019-07-22,196.07,197.38,195.41,195.64,192.9145,325000,0.0,1.0
296,2019-07-19,198.25,198.25,195.84,195.88,193.1511,402300,0.0,1.0
297,2019-07-18,195.58,198.06,195.03,197.7,194.9458,423900,0.0,1.0
298,2019-07-17,197.15,197.61,195.03,195.03,192.313,405200,0.0,1.0
299,2019-07-16,196.98,198.36,195.66,197.49,194.7387,383000,0.0,1.0
300,2019-07-15,197.01,197.7,196.23,197.67,194.9162,346000,0.0,1.0
301,2019-07-12,196.52,196.8,194.93,196.42,193.6836,506200,0.0,1.0
302,2019-07-11,197.18,197.45,194.49,196.3,193.5653,535400,0.0,1.0
303,2019-07-10,195.58,196.69,194.47,195.61,192.8849,414300,0.0,1.0
304,2019-07-09,193.68,195.44,192.96,195.25,192.5299,405600,0.0,1.0
305,2019-07-08,194.5,195.22,194.11,194.67,191.958,358800,0.0,1.0
306,2019-07-05,195.17,196.29,193.13,195.84,193.1117,311600,0.0,1.0
307,2019-07-03,195.48,195.74,194.16,195.74,193.0131,329000,0.0,1.0
308,2019-07-02,194.0,195.82,193.6,195.15,192.4313,431900,0.0,1.0
309,2019-07-01,193.81,194.2,191.81,193.94,191.2382,436200,0.0,1.0
310,2019-06-28,189.89,192.79,188.69,191.54,188.8716,682800,0.0,1.0
311,2019-06-27,186.29,189.25,186.29,188.95,186.3177,455500,0.65,1.0
312,2019-06-26,192.23,192.23,185.55,186.85,183.6153,709400,0.0,1.0
313,2019-06-25,192.05,192.96,191.77,192.31,188.9808,469500,0.0,1.0
314,2019-06-24,191.38,192.64,191.3,191.77,188.4501,351800,0.0,1.0
315,2019-06-21,191.75,192.9,190.38,191.83,188.5091,1127500,0.0,1.0
316,2019-06-20,191.06,192.06,189.6,191.62,188.3027,609200,0.0,1.0
317,2019-06-19,188.37,190.38,188.2,189.73,186.4454,451100,0.0,1.0
318,2019-06-18,189.07,190.67,187.33,188.11,184.8535,454000,0.0,1.0
319,2019-06-17,190.05,190.72,187.75,188.28,185.0205,381700,0.0,1.0
320,2019-06-14,189.0,190.56,187.73,190.33,187.035,364100,0.0,1.0
321,2019-06-13,188.58,188.78,186.85,188.71,185.4431,356500,0.0,1.0
322,2019-06-12,187.96,189.34,187.63,188.11,184.8535,418500,0.0,1.0
323,2019-06-11,188.89,189.54,185.77,188.31,185.05,427500,0.0,1.0
324,2019-06-10,187.39,188.82,186.94,188.31,185.05,729100,0.0,1.0
325,2019-06-07,183.97,188.17,183.97,186.88,183.6448,583700,0.0,1.0
326,2019-06-06,183.55,183.83,181.35,183.47,180.2938,321200,0.0,1.0
327,2019-06-05,179.48,183.01,178.85,182.85,179.6845,512000,0.0,1.0
328,2019-06-04,178.87,179.27,175.2,179.22,176.1174,396100,0.0,1.0
329,2019-06-03,175.79,178.26,175.23,178.06,174.9775,507300,0.0,1.0
330,2019-05-31,176.13,177.18,175.42,175.5,172.4618,417600,0.0,1.0
331,2019-05-30,176.42,177.84,175.77,177.69,174.6139,241200,0.0,1.0
332,2019-05-29,175.95,176.46,174.31,175.69,172.6485,346300,0.0,1.0
333,2019-05-28,177.66,178.15,176.25,176.71,173.6508,788600,0.0,1.0
334,2019-05-24,178.8,178.92,176.64,177.73,174.6532,307800,0.0,1.0
335,2019-05-23,178.66,179.07,176.64,177.83,174.7514,534100,0.0,1.0
336,2019-05-22,177.99,180.05,177.08,180.02,176.9035,416000,0.0,1.0
337,2019-05-21,176.97,178.53,176.97,178.31,175.2231,291700,0.0,1.0
338,2019-05-20,175.65,176.57,174.99,176.37,173.3167,556700,0.0,1.0
339,2019-05-17,176.77,177.63,175.75,176.0,172.9531,508900,0.0,1.0
340,2019-05-16,175.66,178.26,175.66,178.06,174.9775,587000,0.0,1.0
341,2019-05-15,174.45,176.37,174.45,175.54,172.5011,377300,0.0,1.0
342,2019-05-14,173.46,176.71,173.37,175.38,172.3439,512900,0.0,1.0
343,2019-05-13,174.33,175.38,173.5,173.7,170.6929,648000,0.0,1.0
344,2019-05-10,174.52,176.92,172.29,176.65,173.5919,411500,0.0,1.0
345,2019-05-09,174.0,175.44,172.82,175.0,171.9704,367700,0.0,1.0
346,2019-05-08,174.44,176.54,172.85,175.51,172.4716,480600,0.0,1.0
347,2019-05-07,177.18,177.93,173.49,174.41,171.3906,579400,0.0,1.0
348,2019-05-06,177.49,179.51,177.28,178.63,175.5376,662100,0.0,1.0
349,2019-05-03,179.34,180.85,178.29,179.77,176.6579,473900,0.0,1.0
350,2019-05-02,175.15,178.59,174.49,178.5,175.4098,816500,0.0,1.0
351,2019-05-01,177.05,180.28,175.15,175.37,172.334,1067500,0.0,1.0
352,2019-04-30,181.32,184.43,181.06,184.34,181.1487,789000,0.0,1.0
353,2019-04-29,181.6,182.98,180.17,181.52,178.3776,526200,0.0,1.0
354,2019-04-26,180.71,182.11,179.6,181.55,178.407,563500,0.0,1.0
355,2019-04-25,178.26,180.24,177.23,180.17,177.0509,505100,0.0,1.0
356,2019-04-24,179.7,182.31,178.87,179.56,176.4515,451200,0.0,1.0
357,2019-04-23,177.57,180.08,177.06,180.0,176.8839,459600,0.0,1.0
358,2019-04-22,177.31,178.34,176.25,177.26,174.1913,310200,0.0,1.0
359,2019-04-18,178.53,178.53,175.03,177.37,174.2994,550800,0.0,1.0
360,2019-04-17,182.0,182.0,175.6,176.9,173.8375,887800,0.0,1.0
361,2019-04-16,181.42,181.68,180.63,181.21,178.0729,387300,0.0,1.0
362,2019-04-15,180.47,181.01,177.83,180.74,177.6111,268300,0.0,1.0
363,2019-04-12,180.84,181.89,179.99,180.72,177.5914,426200,0.0,1.0
364,2019-04-11,179.2,180.37,178.95,179.77,176.6579,373500,0.0,1.0
365,2019-04-10,178.37,179.24,177.76,179.04,175.9405,410500,0.0,1.0
366,2019-04-09,178.02,178.12,176.67,178.03,174.948,364600,0.0,1.0
367,2019-04-08,178.24,178.67,176.69,178.45,175.3607,376000,0.0,1.0
368,2019-04-05,178.52,179.26,177.82,178.08,174.9971,468000,0.0,1.0
369,2019-04-04,178.12,179.03,176.87,178.51,175.4197,371200,0.0,1.0
370,2019-04-03,178.42,179.39,176.23,177.82,174.7416,717900,0.0,1.0
371,2019-04-02,176.78,178.1,175.62,177.2,174.1323,696100,0.0,1.0
372,2019-04-01,176.11,178.18,174.51,176.11,173.0612,802200,0.0,1.0
373,2019-03-29,176.18,176.88,174.86,175.65,172.6092,745400,0.0,1.0
374,2019-03-28,176.52,176.91,174.09,175.02,171.9901,607100,0.65,1.0
375,2019-03-27,177.88,178.61,175.55,176.81,173.1062,629300,0.0,1.0
376,2019-03-26,176.65,177.62,175.88,177.54,173.8209,569100,0.0,1.0
377,2019-03-25,174.95,176.17,174.57,175.79,172.1076,513600,0.0,1.0
378,2019-03-22,173.03,175.04,172.58,174.61,170.9523,651900,0.0,1.0
379,2019-03-21,171.9,174.77,170.56,174.32,170.6684,555400,0.0,1.0
380,2019-03-20,173.12,173.88,171.75,172.43,168.818,488200,0.0,1.0
381,2019-03-19,175.04,175.04,172.41,172.9,169.2781,485300,0.0,1.0
382,2019-03-18,173.71,174.81,173.55,174.08,170.4334,364300,0.0,1.0
383,2019-03-15,172.02,174.03,171.18,173.65,170.0124,814100,0.0,1.0
384,2019-03-14,172.03,173.48,171.7,172.25,168.6417,479600,0.0,1.0
385,2019-03-13,171.48,173.05,171.2,171.79,168.1914,497400,0.0,1.0
386,2019-03-12,171.01,172.16,170.48,170.72,167.1438,556400,0.0,1.0
387,2019-03-11,169.58,170.76,169.41,170.41,166.8403,454400,0.0,1.0
388,2019-03-08,169.09,169.58,166.13,169.22,165.6752,698800,0.0,1.0
389,2019-03-07,170.23,170.85,168.65,170.2,166.6347,771700,0.0,1.0
390,2019-03-06,171.99,172.94,169.52,170.88,167.3004,1429800,0.0,1.0
391,2019-03-05,185.14,187.91,180.5,182.04,178.2267,5299400,0.0,1.0
392,2019-03-04,172.47,174.23,171.64,173.05,169.425,927300,0.0,1.0
393,2019-03-01,172.29,173.46,171.1,172.56,168.9452,629300,0.0,1.0
394,2019-02-28,169.63,172.73,169.63,172.02,168.4165,861300,0.0,1.0
395,2019-02-27,169.0,170.9,168.88,170.54,166.9676,688300,0.0,1.0
396,2019-02-26,170.71,171.59,170.01,170.38,166.8109,734600,0.0,1.0
397,2019-02-25,171.47,172.5,171.09,171.45,167.8585,890600,0.0,1.0
398,2019-02-22,170.83,172.33,170.19,171.09,167.506,855600,0.0,1.0
399,2019-02-21,171.38,171.38,168.48,170.39,166.8207,745800,0.0,1.0
400,2019-02-20,170.29,171.27,170.19,171.08,167.4962,625400,0.0,1.0
401,2019-02-19,169.27,170.91,167.7,170.72,167.1438,560400,0.0,1.0
402,2019-02-15,170.32,170.8,168.31,169.56,166.0081,950500,0.0,1.0
403,2019-02-14,169.44,170.32,166.38,168.5,164.9703,878100,0.0,1.0
404,2019-02-13,172.0,172.21,170.79,170.97,167.3885,562500,0.0,1.0
405,2019-02-12,170.79,171.81,170.27,171.24,167.6529,741400,0.0,1.0
406,2019-02-11,166.73,170.14,166.31,170.02,166.4584,766400,0.0,1.0
407,2019-02-08,161.95,167.99,160.97,167.82,164.3045,988300,0.0,1.0
408,2019-02-07,163.21,163.96,160.0,162.77,159.3603,1201100,0.0,1.0
409,2019-02-06,165.87,167.11,164.97,166.36,162.8751,794700,0.0,1.0
410,2019-02-05,165.64,166.58,164.4,166.51,163.022,557100,0.0,1.0
411,2019-02-04,166.44,166.44,164.38,165.36,161.8961,641000,0.0,1.0
412,2019-02-01,163.0,166.26,162.56,166.11,162.6304,877300,0.0,1.0
413,2019-01-31,160.45,163.0,159.79,162.79,159.3799,607200,0.0,1.0
414,2019-01-30,159.03,161.8,158.06,161.04,157.6666,595500,0.0,1.0
415,2019-01-29,158.19,158.95,157.62,158.87,155.542,433200,0.0,1.0
416,2019-01-28,157.92,158.92,156.9,158.25,154.935,434400,0.0,1.0
417,2019-01-25,159.12,160.3,158.46,158.69,155.3658,554600,0.0,1.0
418,2019-01-24,157.71,158.81,156.74,157.79,154.4846,491300,0.0,1.0
419,2019-01-23,158.81,159.62,157.42,158.18,154.8665,873400,0.0,1.0
420,2019-01-22,158.26,159.8,157.64,158.73,155.4049,860000,0.0,1.0
421,2019-01-18,158.37,159.21,154.01,158.66,155.3364,551800,0.0,1.0
422,2019-01-17,156.5,157.87,156.16,156.96,153.672,455300,0.0,1.0
423,2019-01-16,154.99,157.28,153.21,156.92,153.6329,634200,0.0,1.0
424,2019-01-15,153.16,154.78,153.16,154.63,151.3908,598200,0.0,1.0
425,2019-01-14,153.42,154.39,152.74,153.57,150.353,791000,0.0,1.0
426,2019-01-11,152.63,154.06,150.7,153.99,150.7642,560300,0.0,1.0
427,2019-01-10,151.28,153.47,151.13,153.35,150.1376,549700,0.0,1.0
428,2019-01-09,152.82,154.2,151.27,151.66,148.483,714700,0.0,1.0
429,2019-01-08,153.43,153.88,150.25,152.58,149.3838,885300,0.0,1.0
430,2019-01-07,150.15,153.62,146.45,151.61,148.4341,879200,0.0,1.0
431,2019-01-04,148.58,151.09,147.52,150.5,147.3473,842100,0.0,1.0
432,2019-01-03,149.03,149.81,146.35,146.54,143.4703,689800,0.0,1.0
433,2019-01-02,149.75,150.75,148.77,149.68,146.5445,743800,0.0,1.0
434,2018-12-31,151.4,152.15,150.21,151.86,148.6789,564100,0.0,1.0
435,2018-12-28,150.71,152.62,149.42,150.93,147.7683,434900,0.6,1.0
436,2018-12-27,147.22,150.94,145.43,150.85,147.1052,703600,0.0,1.0
437,2018-12-26,147.2,149.24,144.13,148.86,145.1646,943000,0.0,1.0
438,2018-12-24,147.19,148.37,145.19,146.61,142.9705,1793400,0.0,1.0
439,2018-12-21,148.98,150.54,146.67,147.07,143.4191,6260200,0.0,1.0
440,2018-12-20,151.63,151.65,148.57,149.34,145.6327,772200,0.0,1.0
441,2018-12-19,156.21,156.21,149.19,151.33,147.5733,732600,0.0,1.0
442,2018-12-18,152.21,153.28,150.71,151.93,148.1584,573400,0.0,1.0
443,2018-12-17,153.89,154.91,150.59,151.28,147.5245,837400,0.0,1.0
444,2018-12-14,155.63,156.87,153.5,153.76,149.943,492900,0.0,1.0
445,2018-12-13,155.96,157.05,155.15,156.45,152.5662,592600,0.0,1.0
446,2018-12-12,156.72,157.32,155.7,155.76,151.8933,470100,0.0,1.0
447,2018-12-11,156.34,156.84,153.62,154.9,151.0547,523200,0.0,1.0
448,2018-12-10,155.85,156.84,153.46,154.61,150.7719,752200,0.0,1.0
449,2018-12-07,156.24,157.63,155.46,156.5,152.615,966900,0.0,1.0
450,2018-12-06,155.51,156.56,153.45,156.1,152.2249,990600,0.0,1.0
451,2018-12-04,161.06,161.97,156.69,157.31,153.4049,729300,0.0,1.0
452,2018-12-03,160.44,161.44,159.55,161.14,157.1398,749300,0.0,1.0
453,2018-11-30,158.66,160.18,158.66,159.45,155.4917,1149300,0.0,1.0
454,2018-11-29,158.75,159.71,158.03,158.49,154.5556,816500,0.0,1.0
455,2018-11-28,157.12,160.34,156.54,159.49,155.5307,1504400,0.0,1.0
456,2018-11-27,157.29,158.18,156.15,157.03,153.1318,703800,0.0,1.0
457,2018-11-26,157.53,157.56,156.34,157.33,153.4244,629700,0.0,1.0
458,2018-11-23,156.12,157.45,155.74,155.98,152.1079,345600,0.0,1.0
459,2018-11-21,156.72,159.07,155.52,156.73,152.8393,560300,0.0,1.0
460,2018-11-20,159.5,159.65,156.3,156.35,152.4687,684300,0.0,1.0
461,2018-11-19,158.5,161.09,158.44,160.26,156.2816,837700,0.0,1.0
462,2018-11-16,159.09,159.63,155.43,158.86,154.9164,1233000,0.0,1.0
463,2018-11-15,158.88,161.17,157.83,160.48,156.4962,927200,0.0,1.0
464,2018-11-14,160.61,160.82,158.43,159.79,155.8233,1082400,0.0,1.0
465,2018-11-13,158.34,160.69,158.34,159.97,155.9988,1035500,0.0,1.0
466,2018-11-12,159.46,159.93,157.92,158.51,154.5751,804100,0.0,1.0
467,2018-11-09,159.13,160.52,158.34,159.93,155.9598,643100,0.0,1.0
468,2018-11-08,157.51,160.84,157.51,160.35,156.3694,774600,0.0,1.0
469,2018-11-07,155.55,158.55,153.57,158.3,154.3703,778600,0.0,1.0
470,2018-11-06,154.69,155.49,153.52,154.7,150.8596,819400,0.0,1.0
471,2018-11-05,153.03,155.45,151.83,154.44,150.6061,890100,0.0,1.0
472,2018-11-02,148.35,152.42,146.79,152.39,148.607,1388600,0.0,1.0
473,2018-11-01,143.17,144.79,141.89,143.1,139.5476,781300,0.0,1.0
474,2018-10-31,142.18,144.86,141.52,143.16,139.6061,840000,0.0,1.0
475,2018-10-30,140.77,141.29,138.44,141.18,137.6753,749700,0.0,1.0
476,2018-10-29,140.4,142.86,139.13,140.36,136.8756,982700,0.0,1.0
477,2018-10-26,136.75,140.44,136.35,139.01,135.5591,1305100,0.0,1.0
478,2018-10-25,135.47,138.92,135.12,138.11,134.6815,732800,0.0,1.0
479,2018-10-24,137.51,138.85,134.63,134.84,131.4927,1205300,0.0,1.0
480,2018-10-23,138.35,139.5,136.62,137.85,134.4279,601400,0.0,1.0
481,2018-10-22,140.45,141.6,139.53,139.9,136.427,436200,0.0,1.0
482,2018-10-19,138.08,140.36,138.08,139.98,136.5051,424900,0.0,1.0
483,2018-10-18,139.67,140.57,137.89,138.73,135.2861,704200,0.0,1.0
484,2018-10-17,139.94,140.93,134.5,139.83,136.3588,510400,0.0,1.0
485,2018-10-16,138.6,140.14,137.9,140.07,136.5928,635700,0.0,1.0
486,2018-10-15,136.84,139.07,136.32,137.98,134.5547,680200,0.0,1.0
487,2018-10-12,137.17,138.76,135.55,137.3,133.8916,864100,0.0,1.0
488,2018-10-11,139.3,139.41,135.35,136.07,132.6921,1063000,0.0,1.0
489,2018-10-10,142.26,142.71,139.33,139.44,135.9785,872800,0.0,1.0
490,2018-10-09,142.57,144.03,141.84,142.59,139.0503,473700,0.0,1.0
491,2018-10-08,142.08,143.74,141.08,142.8,139.2551,658800,0.0,1.0
492,2018-10-05,142.66,143.27,141.58,141.75,138.2311,494800,0.0,1.0
493,2018-10-04,142.51,143.11,141.72,142.67,139.1283,398400,0.0,1.0
494,2018-10-03,143.66,144.06,142.8,142.85,139.3038,458400,0.0,1.0
495,2018-10-02,141.44,142.92,140.72,142.9,139.3526,675600,0.0,1.0
496,2018-10-01,141.73,142.42,141.16,141.75,138.2311,572700,0.0,1.0
497,2018-09-28,140.47,141.69,139.73,140.94,137.4412,1047700,0.0,1.0
498,2018-09-27,140.48,142.95,140.01,140.79,137.295,532400,0.6,1.0
499,2018-09-26,142.76,143.46,139.83,140.96,136.8774,1076800,0.0,1.0
500,2018-09-25,145.1,147.69,142.69,142.84,138.703,718500,0.0,1.0
501,2018-09-24,147.89,148.28,144.98,145.04,140.8392,623500,0.0,1.0
502,2018-09-21,149.08,149.4,148.3,148.48,144.1796,987400,0.0,1.0
503,2018-09-20,148.88,149.46,148.07,148.5,144.199,472400,0.0,1.0
504,2018-09-19,146.65,148.75,145.92,148.35,144.0534,523400,0.0,1.0
505,2018-09-18,146.34,146.52,145.19,146.09,141.8588,605000,0.0,1.0
506,2018-09-17,147.27,147.4,146.01,146.36,142.121,368500,0.0,1.0
507,2018-09-14,146.79,147.39,144.15,146.95,142.6939,434800,0.0,1.0
508,2018-09-13,146.67,147.25,145.92,146.58,142.3346,393100,0.0,1.0
509,2018-09-12,148.0,148.03,146.02,146.2,141.9656,367600,0.0,1.0
510,2018-09-11,148.1,148.84,147.34,148.32,144.0242,433500,0.0,1.0
511,2018-09-10,149.38,149.38,147.89,148.18,143.8883,408400,0.0,1.0
512,2018-09-07,149.44,150.34,148.19,148.41,144.1116,555300,0.0,1.0
513,2018-09-06,147.81,150.27,147.81,149.57,145.238,649600,0.0,1.0
514,2018-09-05,147.57,148.22,146.99,147.74,143.461,640500,0.0,1.0
515,2018-09-04,147.13,147.76,145.91,147.69,143.4125,357100,0.0,1.0
516,2018-08-31,146.69,147.45,146.1,147.27,143.0047,483100,0.0,1.0
517,2018-08-30,148.3,148.3,146.07,146.7,142.4512,395800,0.0,1.0
518,2018-08-29,148.14,148.96,147.25,148.4,144.1019,322200,0.0,1.0
519,2018-08-28,147.8,148.75,147.12,147.91,143.6261,378700,0.0,1.0
520,2018-08-27,147.77,148.21,146.94,147.73,143.4513,309800,0.0,1.0
521,2018-08-24,147.2,147.27,145.84,146.98,142.7231,349400,0.0,1.0
522,2018-08-23,147.4,147.45,146.43,146.56,142.3152,294300,0.0,1.0
523,2018-08-22,148.5,148.88,147.19,147.7,143.4222,428200,0.0,1.0
524,2018-08-21,148.03,148.85,147.14,148.43,144.1311,445400,0.0,1.0
525,2018-08-20,149.41,149.41,147.83,148.03,143.7426,484900,0.0,1.0
526,2018-08-17,148.75,149.66,148.15,148.89,144.5777,601500,0.0,1.0
527,2018-08-16,148.55,150.1,148.43,149.15,144.8302,425400,0.0,1.0
528,2018-08-15,146.39,148.77,145.5,148.2,143.9077,495100,0.0,1.0
529,2018-08-14,148.2,148.72,145.82,147.13,142.8687,727300,0.0,1.0
530,2018-08-13,150.12,151.23,147.63,147.95,143.665,663300,0.0,1.0
531,2018-08-10,150.71,151.07,149.25,149.73,145.3934,508700,0.0,1.0
532,2018-08-09,151.31,152.4,151.18,151.61,147.219,425900,0.0,1.0
533,2018-08-08,151.06,152.18,150.0,151.52,147.1316,421900,0.0,1.0
534,2018-08-07,149.98,151.59,149.38,151.16,146.782,699800,0.0,1.0
535,2018-08-06,148.64,149.8,147.53,149.4,145.073,629600,0.0,1.0
536,2018-08-03,151.0,151.0,144.09,148.82,144.5098,800700,0.0,1.0
537,2018-08-02,151.0,153.53,144.88,145.73,141.5093,2051900,0.0,1.0
538,2018-08-01,159.17,162.24,158.69,159.15,154.5406,591700,0.0,1.0
539,2018-07-31,160.45,162.0,159.12,159.42,154.8028,591800,0.0,1.0
540,2018-07-30,160.12,161.12,159.36,159.56,154.9387,394400,0.0,1.0
541,2018-07-27,162.76,162.9,160.24,160.62,155.968,359500,0.0,1.0
542,2018-07-26,163.27,163.28,161.64,162.22,157.5217,529400,0.0,1.0
543,2018-07-25,161.12,163.11,161.02,163.04,158.3179,294800,0.0,1.0
544,2018-07-24,160.7,161.93,160.19,161.46,156.7837,428200,0.0,1.0
545,2018-07-23,159.42,160.63,159.2,160.59,155.9389,312800,0.0,1.0
546,2018-07-20,158.75,160.0,157.32,159.62,154.997,385900,0.0,1.0
547,2018-07-19,158.82,159.11,157.25,158.84,154.2396,549000,0.0,1.0
548,2018-07-18,157.63,158.92,157.03,158.78,154.1813,791700,0.0,1.0
549,2018-07-17,157.34,158.1,156.91,157.27,152.715,636200,0.0,1.0
550,2018-07-16,157.86,158.11,157.0,157.56,152.9966,460900,0.0,1.0
551,2018-07-13,157.86,158.44,157.01,158.04,153.4627,415400,0.0,1.0
552,2018-07-12,157.12,158.43,156.65,157.69,153.1229,475100,0.0,1.0
553,2018-07-11,157.24,158.11,152.92,156.91,152.3655,333800,0.0,1.0
554,2018-07-10,159.0,159.09,157.56,157.92,153.3462,350600,0.0,1.0
555,2018-07-09,156.68,158.72,155.16,158.7,154.1036,390500,0.0,1.0
556,2018-07-06,153.85,156.54,153.69,155.93,151.4138,496700,0.0,1.0
557,2018-07-05,152.89,153.93,149.87,153.86,149.4038,353900,0.0,1.0
558,2018-07-03,152.22,153.75,150.34,152.3,147.889,182600,0.0,1.0
559,2018-07-02,150.5,152.42,150.5,152.13,147.7239,347900,0.0,1.0
560,2018-06-29,151.71,153.19,151.35,151.6,147.2092,493800,0.0,1.0
561,2018-06-28,149.78,151.85,148.91,151.34,146.9568,395400,0.6,1.0
562,2018-06-27,152.29,153.6,150.17,150.33,145.3996,585600,0.0,1.0
563,2018-06-26,153.33,155.22,152.04,152.43,147.4307,388400,0.0,1.0
564,2018-06-25,153.81,154.47,152.47,153.56,148.5236,546100,0.0,1.0
565,2018-06-22,152.93,154.57,152.84,154.16,149.104,702800,0.0,1.0
566,2018-06-21,153.12,153.52,151.94,152.4,147.4017,429500,0.0,1.0
567,2018-06-20,154.07,156.2,153.28,153.45,148.4173,603500,0.0,1.0
568,2018-06-19,153.75,154.92,153.45,153.96,148.9105,529300,0.0,1.0
569,2018-06-18,154.74,155.44,153.78,154.98,149.8971,490100,0.0,1.0
570,2018-06-15,154.18,155.24,151.8,154.88,149.8004,917400,0.0,1.0
571,2018-06-14,157.75,157.75,155.71,156.04,150.9223,424200,0.0,1.0
572,2018-06-13,157.55,158.46,156.07,157.0,151.8508,342100,0.0,1.0
573,2018-06-12,157.56,158.13,156.66,157.27,152.112,426000,0.0,1.0
574,2018-06-11,158.46,158.46,156.66,157.51,152.3441,302100,0.0,1.0
575,2018-06-08,156.08,158.2,152.1,158.13,152.9438,502000,0.0,1.0
576,2018-06-07,155.5,156.1,154.58,155.89,150.7772,435500,0.0,1.0
577,2018-06-06,153.05,155.06,152.12,154.91,149.8294,429700,0.0,1.0
578,2018-06-05,152.56,153.44,151.94,153.14,148.1174,403600,0.0,1.0
579,2018-06-04,151.94,153.06,151.26,152.73,147.7209,347100,0.0,1.0
580,2018-06-01,152.17,153.43,151.29,151.72,146.744,579100,0.0,1.0
581,2018-05-31,152.84,152.96,150.8,151.15,146.1927,1003200,0.0,1.0
582,2018-05-30,151.55,153.79,151.51,152.9,147.8853,809800,0.0,1.0
583,2018-05-29,153.46,154.0,150.19,150.75,145.8058,701300,0.0,1.0
584,2018-05-25,156.17,157.1,154.86,155.26,150.1679,363900,0.0,1.0
585,2018-05-24,156.23,156.73,153.57,156.56,151.4253,603000,0.0,1.0
586,2018-05-23,155.31,156.8,155.28,156.73,151.5897,542400,0.0,1.0
587,2018-05-22,156.01,157.07,155.16,155.88,150.7676,395600,0.0,1.0
588,2018-05-21,154.97,156.6,154.26,155.62,150.5161,274300,0.0,1.0
589,2018-05-18,153.84,154.82,153.14,154.31,149.249,432900,0.0,1.0
590,2018-05-17,153.36,154.82,151.77,154.14,149.0846,332100,0.0,1.0
591,2018-05-16,154.37,155.38,152.31,153.24,148.2141,648100,0.0,1.0
592,2018-05-15,154.25,155.96,153.52,153.95,148.9009,1125200,0.0,1.0
593,2018-05-14,155.91,156.96,153.53,154.42,149.3554,820900,0.0,1.0
594,2018-05-11,155.22,156.13,154.04,155.37,150.2743,638600,0.0,1.0
595,2018-05-10,152.93,155.81,151.6,155.62,150.5161,679700,0.0,1.0
596,2018-05-09,153.87,153.87,149.93,152.21,147.2179,1165400,0.0,1.0
597,2018-05-08,151.54,153.73,149.98,153.34,148.3109,917300,0.0,1.0
598,2018-05-07,148.54,153.48,145.57,151.32,146.3571,848600,0.0,1.0
599,2018-05-04,146.83,149.56,145.98,148.91,144.0262,640200,0.0,1.0
600,2018-05-03,145.8,147.56,144.34,147.46,142.6237,602300,0.0,1.0
601,2018-05-02,148.7,148.93,146.14,146.59,141.7822,650600,0.0,1.0
602,2018-05-01,147.87,148.64,146.79,148.55,143.678,560200,0.0,1.0
603,2018-04-30,150.89,151.01,148.45,148.51,143.6393,517500,0.0,1.0
604,2018-04-27,149.83,151.38,149.14,150.75,145.8058,469100,0.0,1.0
605,2018-04-26,149.68,151.18,147.22,149.95,145.032,400400,0.0,1.0
606,2018-04-25,149.19,149.91,147.76,149.35,144.4517,476600,0.0,1.0
607,2018-04-24,151.62,152.51,148.7,149.63,144.7225,433500,0.0,1.0
608,2018-04-23,151.5,152.61,150.17,151.06,146.1056,486900,0.0,1.0
609,2018-04-20,153.07,153.39,150.58,151.41,146.4442,512300,0.0,1.0
610,2018-04-19,152.55,154.69,150.99,152.69,147.6822,479600,0.0,1.0
611,2018-04-18,153.81,154.14,152.54,152.66,147.6532,398100,0.0,1.0
612,2018-04-17,152.85,154.4,152.54,152.94,147.924,522500,0.0,1.0
613,2018-04-16,150.35,154.03,142.67,152.12,147.1309,659700,0.0,1.0
614,2018-04-13,149.91,150.83,149.28,150.08,145.1578,608900,0.0,1.0
615,2018-04-12,147.5,148.86,146.95,147.89,143.0396,510800,0.0,1.0
616,2018-04-11,146.0,147.64,145.32,147.03,142.2078,530800,0.0,1.0
617,2018-04-10,146.87,148.27,146.48,147.02,142.1981,577100,0.0,1.0
618,2018-04-09,146.05,148.4,145.74,146.0,141.2116,528000,0.0,1.0
619,2018-04-06,147.74,148.74,145.15,146.15,141.3567,501900,0.0,1.0
620,2018-04-05,149.67,151.99,148.37,148.5,143.6296,479900,0.0,1.0
621,2018-04-04,146.37,149.24,146.02,148.95,144.0648,608400,0.0,1.0
622,2018-04-03,149.43,150.05,146.81,148.22,143.3588,606800,0.0,1.0
623,2018-04-02,152.35,152.5,146.92,148.99,144.1035,640400,0.0,1.0
624,2018-03-29,151.99,153.62,151.58,152.19,147.1986,615700,0.0,1.0
625,2018-03-28,150.42,153.62,149.69,151.29,146.3281,682200,0.6,1.0
626,2018-03-27,154.04,154.73,150.62,151.38,145.8368,593300,0.0,1.0
627,2018-03-26,152.22,154.33,150.65,154.14,148.4957,773800,0.0,1.0
628,2018-03-23,155.28,157.03,151.35,151.51,145.962,486100,0.0,1.0
629,2018-03-22,157.13,158.65,154.56,154.66,148.9967,478200,0.0,1.0
630,2018-03-21,159.92,160.26,158.09,158.15,152.3589,548300,0.0,1.0
631,2018-03-20,159.99,160.43,159.19,159.54,153.698,780500,0.0,1.0
632,2018-03-19,162.35,162.9,158.74,159.18,153.3511,732000,0.0,1.0
633,2018-03-16,162.28,163.99,160.75,162.8,156.8386,665300,0.0,1.0
634,2018-03-15,163.21,163.99,161.46,162.28,156.3376,335300,0.0,1.0
635,2018-03-14,163.13,163.3,161.17,161.53,155.6151,314100,0.0,1.0
636,2018-03-13,163.52,164.39,161.69,162.39,156.4436,395400,0.0,1.0
637,2018-03-12,163.52,164.39,162.17,162.96,156.9927,313300,0.0,1.0
638,2018-03-09,160.41,164.18,159.0,164.14,158.1295,487600,0.0,1.0
639,2018-03-08,159.01,159.91,158.16,159.57,153.7269,545900,0.0,1.0
640,2018-03-07,156.56,159.21,156.56,158.85,153.0332,467600,0.0,1.0
641,2018-03-06,157.12,158.22,155.71,157.43,151.6652,376100,0.0,1.0
642,2018-03-05,154.08,157.79,153.6,156.92,151.1739,397700,0.0,1.0
643,2018-03-02,154.3,155.27,152.7,154.92,149.2471,598300,0.0,1.0
644,2018-03-01,158.39,159.59,154.38,154.99,149.3146,425300,0.0,1.0
645,2018-02-28,161.33,162.64,157.86,157.9,152.118,653300,0.0,1.0
646,2018-02-27,161.65,163.05,160.45,161.01,155.1141,581000,0.0,1.0
647,2018-02-26,160.17,161.38,159.77,161.21,155.3068,340700,0.0,1.0
648,2018-02-23,156.98,160.19,156.76,159.96,154.1026,333500,0.0,1.0
649,2018-02-22,158.25,160.4,155.89,156.53,150.7982,408900,0.0,1.0
650,2018-02-21,159.5,160.39,157.49,157.57,151.8001,426100,0.0,1.0
651,2018-02-20,159.15,160.75,158.88,159.65,153.8039,633600,0.0,1.0
652,2018-02-16,159.19,160.74,158.25,159.23,153.3993,431200,0.0,1.0
653,2018-02-15,159.89,161.13,158.62,159.62,153.775,321400,0.0,1.0
654,2018-02-14,154.42,159.55,153.76,159.25,153.4186,665700,0.0,1.0
655,2018-02-13,153.34,156.07,152.71,155.31,149.6229,441700,0.0,1.0
656,2018-02-12,153.29,155.67,152.28,154.15,148.5053,536500,0.0,1.0
657,2018-02-09,154.15,155.28,147.1,152.14,146.5689,921400,0.0,1.0
658,2018-02-08,158.17,160.7,152.25,152.36,146.7809,783800,0.0,1.0
659,2018-02-07,157.66,160.14,156.97,157.38,151.6171,965400,0.0,1.0
660,2018-02-06,154.98,159.02,153.11,158.4,152.5997,779100,0.0,1.0
661,2018-02-05,161.62,164.43,156.93,157.5,151.7327,514800,0.0,1.0
662,2018-02-02,163.2,164.99,161.56,161.66,155.7403,426500,0.0,1.0
663,2018-02-01,160.26,163.99,159.19,163.92,157.9176,515400,0.0,1.0
664,2018-01-31,160.82,162.04,159.79,160.47,154.5939,609200,0.0,1.0
665,2018-01-30,161.0,162.81,160.25,160.34,154.4687,519900,0.0,1.0
666,2018-01-29,164.0,164.0,161.1,161.71,155.7885,518900,0.0,1.0
667,2018-01-26,160.87,164.19,160.23,163.94,157.9368,502600,0.0,1.0
668,2018-01-25,159.37,160.67,158.82,160.17,154.3049,431900,0.0,1.0
669,2018-01-24,158.13,159.39,157.57,159.02,153.197,433900,0.0,1.0
670,2018-01-23,154.49,158.37,152.58,157.87,152.0891,723000,0.0,1.0
671,2018-01-22,153.62,155.4,152.99,154.6,148.9389,433800,0.0,1.0
672,2018-01-19,154.17,154.71,153.2,153.89,148.2549,425900,0.0,1.0
673,2018-01-18,154.35,155.03,152.84,153.56,147.9369,707300,0.0,1.0
674,2018-01-17,153.62,154.94,152.97,154.55,148.8907,415800,0.0,1.0
675,2018-01-16,154.5,155.63,152.43,152.58,146.9928,690300,0.0,1.0
676,2018-01-12,154.86,155.95,154.31,155.46,149.7674,557400,0.0,1.0
677,2018-01-11,154.19,154.91,153.02,154.76,149.093,605900,0.0,1.0
678,2018-01-10,151.44,154.87,151.27,153.61,147.9851,1120400,0.0,1.0
679,2018-01-09,152.04,153.4,151.66,151.83,146.2703,558600,0.0,1.0
680,2018-01-08,151.53,151.94,150.74,151.41,145.8657,632000,0.0,1.0
681,2018-01-05,151.77,152.68,151.05,152.23,146.6556,645700,0.0,1.0
682,2018-01-04,150.01,152.6,149.81,151.26,145.7212,800600,0.0,1.0
683,2018-01-03,146.52,149.94,145.8,149.74,144.2568,756200,0.0,1.0
684,2018-01-02,156.52,156.52,146.45,146.99,141.6075,814700,0.0,1.0
685,2017-12-29,151.64,152.31,150.67,150.69,145.172,399100,0.0,1.0
686,2017-12-28,151.52,151.67,150.64,151.39,145.8464,343800,0.53,1.0
687,2017-12-27,151.96,152.58,151.34,151.64,145.5776,340300,0.0,1.0
688,2017-12-26,151.84,152.39,151.67,151.87,145.7984,232900,0.0,1.0
689,2017-12-22,152.64,152.85,151.39,151.74,145.6736,449000,0.0,1.0
690,2017-12-21,153.87,154.1,151.86,152.37,146.2784,580000,0.0,1.0
691,2017-12-20,154.08,154.51,152.89,153.12,146.9984,744000,0.0,1.0
692,2017-12-19,155.21,155.27,153.53,154.15,147.9872,610700,0.0,1.0
693,2017-12-18,156.5,156.75,153.42,154.56,148.3809,606300,0.0,1.0
694,2017-12-15,153.94,156.35,152.73,156.0,149.7633,1271100,0.0,1.0
695,2017-12-14,152.82,154.12,152.04,153.48,147.344,896800,0.0,1.0
696,2017-12-13,155.29,155.58,152.78,152.93,146.816,593800,0.0,1.0
697,2017-12-12,154.79,155.39,154.22,155.2,148.9953,727400,0.0,1.0
698,2017-12-11,155.44,156.09,154.84,155.28,149.0721,619800,0.0,1.0
699,2017-12-08,155.46,156.13,154.85,155.46,149.2449,741300,0.0,1.0
700,2017-12-07,156.54,157.16,155.36,155.42,149.2065,706800,0.0,1.0
701,2017-12-06,157.7,158.2,156.7,157.1,150.8193,416800,0.0,1.0
702,2017-12-05,158.54,158.99,157.07,157.32,151.0305,612900,0.0,1.0
703,2017-12-04,161.77,162.72,158.41,158.48,152.1441,896900,0.0,1.0
704,2017-12-01,160.82,162.02,158.02,161.95,155.4754,1074900,0.0,1.0
705,2017-11-30,159.8,161.28,158.38,160.8,154.3714,944800,0.0,1.0
706,2017-11-29,159.96,161.01,158.99,159.07,152.7106,755000,0.0,1.0
707,2017-11-28,158.42,159.95,158.42,159.4,153.0274,1204600,0.0,1.0
708,2017-11-27,159.29,159.51,158.43,158.5,152.1633,723900,0.0,1.0
709,2017-11-24,159.25,159.79,158.68,159.52,153.1426,333900,0.0,1.0
710,2017-11-22,160.27,160.66,158.69,158.79,152.4417,896800,0.0,1.0
711,2017-11-21,160.66,160.66,159.71,159.8,153.4114,846800,0.0,1.0
712,2017-11-20,159.75,160.34,158.89,159.89,153.4978,1039600,0.0,1.0
713,2017-11-17,159.22,160.3,158.04,160.07,153.6706,1322400,0.0,1.0
714,2017-11-16,162.8,163.0,159.82,159.93,153.5362,933600,0.0,1.0
715,2017-11-15,161.83,162.84,161.54,162.65,156.1474,716200,0.0,1.0
716,2017-11-14,160.66,162.86,160.13,162.03,155.5522,892000,0.0,1.0
717,2017-11-13,161.12,162.2,160.94,161.49,155.0338,465800,0.0,1.0
718,2017-11-10,161.43,162.03,160.39,161.57,155.1106,443300,0.0,1.0
719,2017-11-09,161.7,162.41,160.12,161.5,155.0434,706100,0.0,1.0
720,2017-11-08,160.98,161.68,160.05,160.99,154.5538,365300,0.0,1.0
721,2017-11-07,161.17,162.67,160.4,161.6,155.1394,580700,0.0,1.0
722,2017-11-06,160.01,161.67,158.47,161.19,154.7458,695900,0.0,1.0
723,2017-11-03,157.5,160.0,157.36,159.59,153.2098,748500,0.0,1.0
724,2017-11-02,164.43,165.0,157.09,157.48,151.1841,1515900,0.0,1.0
725,2017-11-01,161.5,163.0,159.9,160.91,154.477,929600,0.0,1.0
726,2017-10-31,160.56,161.54,160.56,161.08,154.6402,609900,0.0,1.0
727,2017-10-30,160.78,162.19,160.19,161.01,154.573,704300,0.0,1.0
728,2017-10-27,162.32,162.33,160.05,161.62,155.1586,536800,0.0,1.0
729,2017-10-26,164.0,164.31,161.11,162.82,156.3106,505100,0.0,1.0
730,2017-10-25,163.17,163.87,162.15,163.24,156.7138,752600,0.0,1.0
731,2017-10-24,164.1,164.58,162.76,163.28,156.7522,973800,0.0,1.0
732,2017-10-23,163.48,164.58,162.61,164.02,157.4627,574000,0.0,1.0
733,2017-10-20,161.93,163.06,161.49,162.82,156.3106,478300,0.0,1.0
734,2017-10-19,159.1,161.27,158.85,161.17,154.7266,463300,0.0,1.0
735,2017-10-18,159.1,160.16,158.59,159.8,153.4114,526900,0.0,1.0
736,2017-10-17,159.21,159.6,158.14,158.94,152.5857,726100,0.0,1.0
737,2017-10-16,158.12,159.16,156.42,158.95,152.5954,621600,0.0,1.0
738,2017-10-13,156.74,157.84,156.21,157.59,151.2897,972200,0.0,1.0
739,2017-10-12,155.96,156.98,155.7,156.43,150.1761,644500,0.0,1.0
740,2017-10-11,155.86,156.12,155.21,155.96,149.7249,630700,0.0,1.0
741,2017-10-10,154.97,156.02,154.44,155.95,149.7153,486200,0.0,1.0
742,2017-10-09,155.12,155.45,154.4,154.68,148.4961,399500,0.0,1.0
743,2017-10-06,155.78,156.33,154.89,155.02,148.8225,493600,0.0,1.0
744,2017-10-05,154.96,155.57,154.08,155.25,149.0433,413200,0.0,1.0
745,2017-10-04,155.06,155.06,153.69,154.7,148.5153,522700,0.0,1.0
746,2017-10-03,155.07,155.72,154.79,154.89,148.6977,623300,0.0,1.0
747,2017-10-02,154.41,155.62,153.28,155.49,149.2737,668900,0.0,1.0
748,2017-09-29,155.54,155.81,153.79,154.23,148.0641,559700,0.0,1.0
749,2017-09-28,154.96,155.69,154.23,155.53,149.3121,554000,0.53,1.0
750,2017-09-27,155.11,156.06,154.81,155.83,149.092,1099700,0.0,1.0
751,2017-09-26,153.99,156.14,153.5,154.86,148.164,1905200,0.0,1.0
752,2017-09-25,152.4,153.97,152.02,153.52,146.8819,641300,0.0,1.0
753,2017-09-22,151.33,152.88,151.28,152.71,146.1069,985000,0.0,1.0
754,2017-09-21,152.3,152.6,151.31,151.37,144.8249,307500,0.0,1.0
755,2017-09-20,152.28,152.74,151.58,152.41,145.8199,806600,0.0,1.0
756,2017-09-19,152.49,152.85,151.71,151.84,145.2745,783300,0.0,1.0
757,2017-09-18,153.2,153.68,151.59,152.1,145.5233,1156900,0.0,1.0
758,2017-09-15,152.2,153.8,151.64,153.14,146.5183,1871200,0.0,1.0
759,2017-09-14,152.52,152.9,151.16,152.42,145.8295,1338100,0.0,1.0
760,2017-09-13,152.43,153.0,151.67,152.88,146.2696,570200,0.0,1.0
761,2017-09-12,152.05,153.06,151.52,152.61,146.0113,863500,0.0,1.0
762,2017-09-11,152.0,153.25,151.12,151.53,144.978,1049200,0.0,1.0
763,2017-09-08,147.79,152.44,147.37,151.84,145.2745,1378400,0.0,1.0
764,2017-09-07,147.63,149.26,147.4,147.86,141.4666,1299600,0.0,1.0
765,2017-09-06,147.75,148.29,147.16,147.62,141.237,862500,0.0,1.0
766,2017-09-05,147.66,148.13,146.57,147.47,141.0935,1163800,0.0,1.0
767,2017-09-01,149.07,149.14,148.05,148.1,141.6963,665500,0.0,1.0
768,2017-08-31,148.36,148.89,147.99,148.47,142.0503,730900,0.0,1.0
769,2017-08-30,147.9,148.66,147.52,147.77,141.3805,370600,0.0,1.0
770,2017-08-29,147.1,148.04,146.5,147.87,141.4762,770300,0.0,1.0
771,2017-08-28,149.0,149.0,147.93,148.0,141.6006,672600,0.0,1.0
772,2017-08-25,148.68,149.28,148.38,148.88,142.4425,915200,0.0,1.0
773,2017-08-24,149.02,149.04,148.07,148.36,141.945,376200,0.0,1.0
774,2017-08-23,148.9,149.54,148.32,148.39,141.9737,678800,0.0,1.0
775,2017-08-22,149.0,150.21,148.72,149.49,143.0262,1467500,0.0,1.0
776,2017-08-21,148.63,149.83,148.26,148.93,142.4904,430100,0.0,1.0
777,2017-08-18,147.73,149.87,147.48,148.44,142.0216,523600,0.0,1.0
778,2017-08-17,149.83,150.17,148.04,148.05,141.6484,625200,0.0,1.0
779,2017-08-16,151.0,151.25,149.85,150.01,143.5237,796900,0.0,1.0
780,2017-08-15,151.52,152.0,150.7,150.87,144.3465,657200,0.0,1.0
781,2017-08-14,149.57,151.6,148.07,151.31,144.7675,527900,0.0,1.0
782,2017-08-11,148.8,149.69,148.4,149.14,142.6913,583900,0.0,1.0
783,2017-08-10,148.43,149.54,147.88,147.97,141.5719,1008600,0.0,1.0
784,2017-08-09,149.38,149.9,149.06,149.24,142.787,1524600,0.0,1.0
785,2017-08-08,149.44,149.81,149.07,149.66,143.1888,854200,0.0,1.0
786,2017-08-07,149.24,150.34,148.87,149.58,143.1123,639700,0.0,1.0
787,2017-08-04,148.17,149.85,146.98,149.64,143.1697,558900,0.0,1.0
788,2017-08-03,148.07,149.81,144.71,147.24,140.8734,1145600,0.0,1.0
789,2017-08-02,149.36,149.93,148.02,148.87,142.433,855900,0.0,1.0
790,2017-08-01,149.54,149.89,147.0,149.62,143.1505,660800,0.0,1.0
791,2017-07-31,150.27,151.02,148.63,148.88,142.4425,824300,0.0,1.0
792,2017-07-28,146.97,150.71,146.75,150.12,143.6289,544900,0.0,1.0
793,2017-07-27,149.02,149.09,146.55,147.03,140.6725,597600,0.0,1.0
794,2017-07-26,149.87,150.14,148.08,148.51,142.0885,453500,0.0,1.0
795,2017-07-25,150.0,150.43,149.3,149.87,143.3897,371400,0.0,1.0
796,2017-07-24,147.71,149.31,147.38,149.08,142.6339,455800,0.0,1.0
797,2017-07-21,146.27,147.93,146.26,147.62,141.237,425500,0.0,1.0
798,2017-07-20,147.01,147.55,146.48,147.34,140.9691,370600,0.0,1.0
799,2017-07-19,147.06,147.78,146.22,146.73,140.3855,351400,0.0,1.0
800,2017-07-18,146.87,147.69,145.0,147.12,140.7586,501600,0.0,1.0
801,2017-07-17,146.34,147.98,145.94,147.92,141.524,654300,0.0,1.0
802,2017-07-14,145.33,147.1,144.62,146.48,140.1463,455700,0.0,1.0
803,2017-07-13,145.66,146.04,144.15,145.71,139.4096,447200,0.0,1.0
804,2017-07-12,144.5,145.57,143.1,145.37,139.0843,685000,0.0,1.0
805,2017-07-11,146.37,146.52,144.12,144.5,138.2519,493300,0.0,1.0
806,2017-07-10,145.59,146.88,144.19,146.21,139.888,760900,0.0,1.0
807,2017-07-07,145.32,146.76,144.73,146.32,139.9932,492700,0.0,1.0
808,2017-07-06,145.59,147.76,144.74,145.03,138.759,678700,0.0,1.0
809,2017-07-05,146.35,146.65,145.45,145.49,139.1991,670100,0.0,1.0
810,2017-07-03,146.48,147.49,145.64,146.39,140.0602,371600,0.0,1.0
811,2017-06-30,146.67,147.03,145.23,145.46,139.1704,645700,0.0,1.0
812,2017-06-29,146.7,147.8,145.56,146.71,140.3664,890000,0.0,1.0
813,2017-06-28,145.15,147.22,144.43,146.84,140.4907,861900,0.53,1.0
814,2017-06-27,145.07,146.0,144.62,144.91,138.1456,757600,0.0,1.0
815,2017-06-26,145.36,146.5,144.5,145.08,138.3076,828800,0.0,1.0
816,2017-06-23,145.7,145.72,143.9,145.36,138.5746,5555300,0.0,1.0
817,2017-06-22,147.96,148.38,144.79,145.05,138.279,1178500,0.0,1.0
818,2017-06-21,149.35,149.89,148.28,148.6,141.6633,812900,0.0,1.0
819,2017-06-20,149.98,150.34,147.62,149.57,142.588,619100,0.0,1.0
820,2017-06-19,150.0,150.47,148.89,149.57,142.588,517500,0.0,1.0
821,2017-06-16,149.13,149.99,147.54,149.65,142.6643,1116100,0.0,1.0
822,2017-06-15,147.33,148.69,145.81,148.42,141.4917,451200,0.0,1.0
823,2017-06-14,147.21,148.36,146.66,147.98,141.0723,514100,0.0,1.0
824,2017-06-13,145.77,147.71,145.59,147.18,140.3096,659300,0.0,1.0
825,2017-06-12,146.04,146.68,144.44,146.24,139.4135,827700,0.0,1.0
826,2017-06-09,145.54,146.45,144.75,145.66,138.8606,1039800,0.0,1.0
827,2017-06-08,145.09,146.36,144.74,145.51,138.7176,711400,0.0,1.0
828,2017-06-07,145.52,145.66,144.44,145.37,138.5841,606900,0.0,1.0
829,2017-06-06,146.47,146.47,145.16,145.39,138.6032,522600,0.0,1.0
830,2017-06-05,147.44,148.0,146.94,147.05,140.1857,557200,0.0,1.0
831,2017-06-02,146.09,147.5,145.78,147.18,140.3096,792100,0.0,1.0
832,2017-06-01,146.61,147.94,146.23,146.63,139.7853,1040500,0.0,1.0
833,2017-05-31,145.05,147.12,144.04,146.63,139.7853,1217100,0.0,1.0
834,2017-05-30,144.15,145.33,141.67,145.04,138.2695,793400,0.0,1.0
835,2017-05-26,145.04,145.12,143.25,145.0,138.2314,953700,0.0,1.0
836,2017-05-25,143.03,145.3,142.38,144.8,138.0407,947400,0.0,1.0
837,2017-05-24,141.08,142.85,140.54,142.76,136.0959,577000,0.0,1.0
838,2017-05-23,140.55,141.81,140.37,141.22,134.6278,668000,0.0,1.0
839,2017-05-22,140.32,141.19,139.7,140.68,134.113,778900,0.0,1.0
840,2017-05-19,140.25,141.19,139.81,140.06,133.522,1354600,0.0,1.0
841,2017-05-18,139.92,140.74,139.36,139.85,133.3218,1489300,0.0,1.0
842,2017-05-17,141.49,142.04,140.49,140.63,134.0654,1299700,0.0,1.0
843,2017-05-16,142.8,143.55,140.15,142.65,135.9911,787000,0.0,1.0
844,2017-05-15,142.32,142.96,142.0,142.47,135.8195,1011200,0.0,1.0
845,2017-05-12,142.0,143.0,141.59,142.32,135.6765,933100,0.0,1.0
846,2017-05-11,141.58,142.68,141.03,142.46,135.8099,1330400,0.0,1.0
847,2017-05-10,142.15,142.66,140.94,141.96,135.3333,1271500,0.0,1.0
848,2017-05-09,144.55,145.26,141.94,142.11,135.4763,1392600,0.0,1.0
849,2017-05-08,144.45,146.3,143.85,144.29,137.5545,2010300,0.0,1.0
850,2017-05-05,142.35,144.21,142.35,144.2,137.4687,1695000,0.0,1.0
851,2017-05-04,136.0,142.85,136.0,142.34,135.6955,2838100,0.0,1.0
852,2017-05-03,133.26,134.92,133.11,134.01,127.7544,1608400,0.0,1.0
853,2017-05-02,133.08,133.72,132.86,133.71,127.4684,883300,0.0,1.0
854,2017-05-01,133.39,133.65,132.51,133.23,127.0108,769400,0.0,1.0
855,2017-04-28,133.31,133.46,132.46,132.62,126.4293,971300,0.0,1.0
856,2017-04-27,132.64,133.43,131.96,133.05,126.8392,591700,0.0,1.0
857,2017-04-26,131.56,133.17,131.51,132.53,126.3435,812600,0.0,1.0
858,2017-04-25,130.49,132.11,130.49,131.79,125.638,505600,0.0,1.0
859,2017-04-24,130.2,130.5,128.91,130.08,124.0078,859900,0.0,1.0
860,2017-04-21,129.81,130.16,127.76,128.05,122.0726,798100,0.0,1.0
861,2017-04-20,128.71,130.32,128.07,129.86,123.7981,489400,0.0,1.0
862,2017-04-19,128.76,129.0,128.15,128.25,122.2633,543200,0.0,1.0
863,2017-04-18,127.85,128.75,127.0,128.11,122.1298,534800,0.0,1.0
864,2017-04-17,126.86,128.72,125.78,128.63,122.6255,570700,0.0,1.0
865,2017-04-13,126.0,127.37,125.66,126.54,120.6331,962000,0.0,1.0
866,2017-04-12,126.89,127.05,125.66,126.28,120.3852,658000,0.0,1.0
867,2017-04-11,127.13,127.55,125.71,127.14,121.2051,720500,0.0,1.0
868,2017-04-10,128.27,128.89,127.56,127.76,121.7961,1081600,0.0,1.0
869,2017-04-07,129.41,129.64,128.41,128.46,122.4635,724600,0.0,1.0
870,2017-04-06,129.8,130.32,127.49,129.67,123.617,942500,0.0,1.0
871,2017-04-05,130.46,131.38,129.86,129.94,123.8744,434200,0.0,1.0
872,2017-04-04,129.8,130.41,129.32,130.32,124.2366,707400,0.0,1.0
873,2017-04-03,130.93,131.51,128.89,129.93,123.8648,1039600,0.0,1.0
874,2017-03-31,130.87,131.24,130.47,130.89,124.78,628800,0.0,1.0
875,2017-03-30,130.45,131.75,130.29,131.17,125.047,537000,0.0,1.0
876,2017-03-29,130.68,131.24,130.68,130.95,124.8372,563800,0.53,1.0
877,2017-03-28,129.51,132.13,129.51,131.93,125.2645,668300,0.0,1.0
878,2017-03-27,128.53,130.22,128.17,130.02,123.451,444900,0.0,1.0
879,2017-03-24,129.25,130.55,129.05,129.88,123.3181,722300,0.0,1.0
880,2017-03-23,129.32,130.34,128.73,129.18,122.6534,629300,0.0,1.0
881,2017-03-22,129.37,130.07,128.55,129.35,122.8148,637900,0.0,1.0
882,2017-03-21,130.39,130.83,129.01,129.19,122.6629,924100,0.0,1.0
883,2017-03-20,129.5,130.6,129.29,130.19,123.6124,655900,0.0,1.0
884,2017-03-17,129.52,130.4,127.8,129.96,123.394,969000,0.0,1.0
885,2017-03-16,129.92,130.91,129.22,129.3,122.7674,807300,0.0,1.0
886,2017-03-15,129.51,130.34,128.88,129.97,123.4035,781400,0.0,1.0
887,2017-03-14,128.39,129.21,128.17,129.02,122.5015,641400,0.0,1.0
888,2017-03-13,127.92,129.07,127.86,128.93,122.4161,493000,0.0,1.0
889,2017-03-10,127.33,128.02,126.45,127.98,121.5141,735300,0.0,1.0
890,2017-03-09,126.99,127.37,126.26,126.86,120.4506,619400,0.0,1.0
891,2017-03-08,127.85,128.07,126.55,126.69,120.2892,595900,0.0,1.0
892,2017-03-07,128.05,128.57,126.63,127.63,121.1817,505200,0.0,1.0
893,2017-03-06,128.71,129.53,128.34,128.35,121.8654,640900,0.0,1.0
894,2017-03-03,129.33,130.2,129.04,129.96,123.394,531200,0.0,1.0
895,2017-03-02,130.79,130.88,129.0,129.52,122.9763,805600,0.0,1.0
896,2017-03-01,129.2,131.6,128.81,131.04,124.4195,876200,0.0,1.0
897,2017-02-28,128.29,128.83,127.8,128.43,121.9413,717200,0.0,1.0
898,2017-02-27,128.13,128.75,127.25,128.24,121.7609,422900,0.0,1.0
899,2017-02-24,126.76,128.16,125.39,128.09,121.6185,577600,0.0,1.0
900,2017-02-23,127.25,127.63,126.27,127.16,120.7355,582900,0.0,1.0
901,2017-02-22,126.85,128.09,126.59,127.0,120.5836,531700,0.0,1.0
902,2017-02-21,128.0,129.13,127.08,127.75,121.2957,781500,0.0,1.0
903,2017-02-17,125.99,128.36,125.74,128.35,121.8654,719100,0.0,1.0
904,2017-02-16,125.44,126.55,125.44,126.4,120.0139,524500,0.0,1.0
905,2017-02-15,124.97,125.81,124.29,125.43,119.0929,490800,0.0,1.0
906,2017-02-14,125.27,125.71,124.19,125.17,118.846,650600,0.0,1.0
907,2017-02-13,124.33,125.35,124.1,125.14,118.8175,715600,0.0,1.0
908,2017-02-10,122.44,124.54,121.2,124.07,117.8016,909900,0.0,1.0
909,2017-02-09,125.0,126.0,120.87,122.54,116.3489,2461700,0.0,1.0
910,2017-02-08,122.95,123.41,122.54,122.99,116.7762,957400,0.0,1.0
911,2017-02-07,124.27,124.69,123.2,123.44,117.2034,775300,0.0,1.0
912,2017-02-06,124.28,124.79,123.6,123.67,117.4218,660500,0.0,1.0
913,2017-02-03,125.92,126.64,124.91,125.25,118.922,1436600,0.0,1.0
914,2017-02-02,124.0,125.62,123.84,125.24,118.9125,544300,0.0,1.0
915,2017-02-01,125.79,125.79,124.13,124.3,118.02,670800,0.0,1.0
916,2017-01-31,125.83,125.99,124.6,125.13,118.8081,710400,0.0,1.0
917,2017-01-30,125.98,126.01,123.99,125.57,119.2258,542300,0.0,1.0
918,2017-01-27,127.1,127.1,124.52,126.44,120.0519,664600,0.0,1.0
919,2017-01-26,127.48,127.94,127.12,127.58,121.1343,442800,0.0,1.0
920,2017-01-25,126.69,127.72,126.54,127.57,121.1248,777200,0.0,1.0
921,2017-01-24,125.54,126.45,125.2,126.17,119.7955,550900,0.0,1.0
922,2017-01-23,125.66,126.2,124.97,125.61,119.2638,539400,0.0,1.0
923,2017-01-20,125.74,126.14,124.64,126.07,119.7006,555800,0.0,1.0
924,2017-01-19,126.39,126.4,125.12,125.49,119.1499,473100,0.0,1.0
925,2017-01-18,125.85,126.61,125.31,126.17,119.7955,771600,0.0,1.0
926,2017-01-17,124.43,125.94,123.5,125.33,118.9979,778900,0.0,1.0
927,2017-01-13,125.85,126.4,124.62,124.73,118.4283,635300,0.0,1.0
928,2017-01-12,125.07,127.27,124.58,125.73,119.3777,519400,0.0,1.0
929,2017-01-11,125.96,126.58,125.18,125.75,119.3967,609600,0.0,1.0
930,2017-01-10,126.03,127.03,125.56,126.22,119.843,643700,0.0,1.0
931,2017-01-09,126.36,127.44,125.93,126.01,119.6436,467800,0.0,1.0
932,2017-01-06,126.99,127.85,126.17,126.78,120.3747,812200,0.0,1.0
933,2017-01-05,124.16,126.04,124.03,125.96,119.5961,583600,0.0,1.0
934,2017-01-04,123.54,125.12,122.93,124.76,118.4567,477200,0.0,1.0
935,2017-01-03,123.23,124.77,122.12,123.24,117.0135,790100,0.0,1.0
936,2016-12-30,122.59,123.56,121.39,122.28,116.102,466400,0.0,1.0
937,2016-12-29,122.45,123.07,121.6,122.17,115.9976,216600,0.0,1.0
938,2016-12-28,124.3,124.3,121.9,122.38,116.197,429900,0.48,1.0
939,2016-12-27,124.57,124.9,124.01,124.28,117.54,382900,0.0,1.0
940,2016-12-23,123.09,124.66,122.71,124.49,117.7386,361900,0.0,1.0
941,2016-12-22,122.52,123.69,121.73,122.85,116.1875,557200,0.0,1.0
942,2016-12-21,123.9,124.15,122.87,122.99,116.3199,614600,0.0,1.0
943,2016-12-20,124.33,124.49,123.42,123.84,117.1238,651500,0.0,1.0
944,2016-12-19,122.32,123.97,121.79,123.63,116.9252,937600,0.0,1.0
945,2016-12-16,122.44,123.37,121.7,122.33,115.6957,1232700,0.0,1.0
946,2016-12-15,122.8,123.23,121.76,122.37,115.7336,826800,0.0,1.0
947,2016-12-14,124.0,124.89,122.02,122.26,115.6295,846400,0.0,1.0
948,2016-12-13,126.45,126.93,123.63,124.46,117.7102,1168200,0.0,1.0
949,2016-12-12,122.64,122.97,120.97,121.21,114.6365,822500,0.0,1.0
950,2016-12-09,122.8,123.3,122.43,122.79,116.1308,943400,0.0,1.0
951,2016-12-08,125.19,125.91,121.95,123.0,116.3294,988500,0.0,1.0
952,2016-12-07,124.9,125.52,124.05,124.75,117.9845,928300,0.0,1.0
953,2016-12-06,121.48,124.92,121.33,124.76,117.994,1301700,0.0,1.0
954,2016-12-05,120.69,122.06,120.18,121.48,114.8918,604700,0.0,1.0
955,2016-12-02,121.43,121.56,119.7,119.94,113.4354,855800,0.0,1.0
956,2016-12-01,125.1,125.37,120.89,121.42,114.8351,898700,0.0,1.0
957,2016-11-30,125.5,126.0,124.12,124.37,117.6251,676800,0.0,1.0
958,2016-11-29,124.76,124.84,123.82,124.38,117.6346,353000,0.0,1.0
959,2016-11-28,124.82,125.19,123.21,124.37,117.6251,439900,0.0,1.0
960,2016-11-25,124.55,125.42,123.95,125.3,118.5047,284000,0.0,1.0
961,2016-11-23,124.82,125.55,123.67,124.56,117.8048,380200,0.0,1.0
962,2016-11-22,124.37,125.4,122.92,124.82,118.0507,1011800,0.0,1.0
963,2016-11-21,125.1,125.46,123.53,123.89,117.1711,475900,0.0,1.0
964,2016-11-18,124.79,125.95,124.3,124.82,118.0507,819800,0.0,1.0
965,2016-11-17,122.79,124.64,122.19,124.6,117.8426,524500,0.0,1.0
966,2016-11-16,123.17,123.17,122.25,122.67,116.0173,818400,0.0,1.0
967,2016-11-15,123.73,123.92,122.29,123.33,116.6415,639700,0.0,1.0
968,2016-11-14,120.96,122.6,120.04,122.49,115.8471,1089300,0.0,1.0
969,2016-11-11,121.55,121.96,120.84,121.48,114.8918,754700,0.0,1.0
970,2016-11-10,118.67,122.98,117.7,122.27,115.639,1524500,0.0,1.0
971,2016-11-09,117.01,119.23,116.07,118.0,111.6006,1291800,0.0,1.0
972,2016-11-08,117.13,119.51,116.34,118.79,112.3477,967600,0.0,1.0
973,2016-11-07,119.12,119.12,116.13,117.69,111.3074,1345600,0.0,1.0
974,2016-11-04,120.24,120.24,112.76,116.78,110.4467,3531200,0.0,1.0
975,2016-11-03,123.12,125.04,121.81,123.67,116.9631,736700,0.0,1.0
976,2016-11-02,124.49,124.64,122.7,122.97,116.301,693200,0.0,1.0
977,2016-11-01,126.52,126.86,123.87,124.33,117.5873,475800,0.0,1.0
978,2016-10-31,126.26,126.82,125.02,125.9,119.0721,459200,0.0,1.0
979,2016-10-28,125.89,126.72,124.52,125.65,118.8357,445700,0.0,1.0
980,2016-10-27,126.65,127.16,125.46,125.63,118.8168,417200,0.0,1.0
981,2016-10-26,126.13,126.92,125.36,126.11,119.2707,478300,0.0,1.0
982,2016-10-25,127.09,127.09,125.67,126.45,119.5923,415300,0.0,1.0
983,2016-10-24,127.33,128.24,127.12,127.29,120.3867,312000,0.0,1.0
984,2016-10-21,126.34,127.25,126.04,126.79,119.9139,496600,0.0,1.0
985,2016-10-20,127.38,128.63,126.24,127.48,120.5664,555200,0.0,1.0
986,2016-10-19,128.46,129.43,127.88,128.76,121.777,436400,0.0,1.0
987,2016-10-18,128.55,129.29,127.57,128.01,121.0677,505600,0.0,1.0
988,2016-10-17,128.65,128.65,126.32,127.09,120.1976,564800,0.0,1.0
989,2016-10-14,128.69,129.2,127.98,128.37,121.4082,548000,0.0,1.0
990,2016-10-13,128.94,128.95,127.35,127.91,120.9731,540300,0.0,1.0
991,2016-10-12,129.03,130.95,128.73,129.89,122.8457,681900,0.0,1.0
992,2016-10-11,130.52,131.42,128.17,128.73,121.7486,575700,0.0,1.0
993,2016-10-10,131.94,132.57,130.99,131.02,123.9145,423800,0.0,1.0
994,2016-10-07,132.31,132.63,131.0,131.06,123.9523,855100,0.0,1.0
995,2016-10-06,131.82,132.64,131.12,132.09,124.9264,767200,0.0,1.0
996,2016-10-05,131.38,132.64,130.89,131.96,124.8035,700200,0.0,1.0
997,2016-10-04,132.0,132.09,130.49,131.57,124.4346,1068500,0.0,1.0
998,2016-10-03,132.45,132.74,130.03,132.11,124.9453,1142800,0.0,1.0
999,2016-09-30,129.17,133.4,129.17,132.77,125.5695,1462700,0.0,1.0
1000,2016-09-29,128.09,130.72,127.79,129.79,122.7512,1505300,0.0,1.0
1001,2016-09-28,128.64,129.38,126.95,127.99,121.0488,567200,0.48,1.0
1002,2016-09-27,128.42,129.68,128.21,128.9,121.4539,503600,0.0,1.0
1003,2016-09-26,127.81,128.03,127.29,128.0,120.6059,411000,0.0,1.0
1004,2016-09-23,128.71,128.97,128.06,128.09,120.6907,797300,0.0,1.0
1005,2016-09-22,129.0,129.76,127.92,129.18,121.7178,716500,0.0,1.0
1006,2016-09-21,125.87,128.5,125.11,128.4,120.9828,928300,0.0,1.0
1007,2016-09-20,125.93,126.38,125.42,125.68,118.4199,311000,0.0,1.0
1008,2016-09-19,124.6,125.0,124.12,124.68,117.4777,310700,0.0,1.0
1009,2016-09-16,124.23,124.49,122.67,123.95,116.7899,1847200,0.0,1.0
1010,2016-09-15,122.23,125.5,121.2,125.12,117.8923,716500,0.0,1.0
1011,2016-09-14,122.9,123.59,121.61,122.3,115.2352,746200,0.0,1.0
1012,2016-09-13,124.0,124.05,122.86,123.09,115.9796,488900,0.0,1.0
1013,2016-09-12,121.71,125.46,121.46,125.25,118.0148,655500,0.0,1.0
1014,2016-09-09,124.39,124.84,122.04,122.04,114.9902,641100,0.0,1.0
1015,2016-09-08,127.86,128.28,125.38,125.42,118.175,728700,0.0,1.0
1016,2016-09-07,127.66,128.98,127.26,128.55,121.1242,632500,0.0,1.0
1017,2016-09-06,126.82,127.66,126.06,127.66,120.2856,752500,0.0,1.0
1018,2016-09-02,125.5,126.61,124.84,126.53,119.2208,487900,0.0,1.0
1019,2016-09-01,124.0,125.24,123.59,124.85,117.6379,526700,0.0,1.0
1020,2016-08-31,123.99,124.37,122.11,124.01,116.8464,464800,0.0,1.0
1021,2016-08-30,124.18,124.48,121.88,123.94,116.7805,414100,0.0,1.0
1022,2016-08-29,123.15,124.76,122.91,123.92,116.7616,456500,0.0,1.0
1023,2016-08-26,122.58,124.45,122.11,122.99,115.8853,514700,0.0,1.0
1024,2016-08-25,121.81,122.76,121.8,122.21,115.1504,527000,0.0,1.0
1025,2016-08-24,123.1,124.26,121.95,122.21,115.1504,425200,0.0,1.0
1026,2016-08-23,123.24,124.0,122.6,123.11,115.9984,391300,0.0,1.0
1027,2016-08-22,122.55,124.13,122.18,122.95,115.8476,570700,0.0,1.0
1028,2016-08-19,122.1,123.05,120.43,122.72,115.6309,1415300,0.0,1.0
1029,2016-08-18,121.74,122.73,121.46,122.56,115.4802,443800,0.0,1.0
1030,2016-08-17,121.9,122.22,121.44,121.93,114.8866,410300,0.0,1.0
1031,2016-08-16,121.37,121.98,120.5,121.48,114.4626,501800,0.0,1.0
1032,2016-08-15,122.0,122.23,121.37,121.53,114.5097,478800,0.0,1.0
1033,2016-08-12,122.51,122.83,121.07,121.47,114.4531,342900,0.0,1.0
1034,2016-08-11,121.86,122.98,121.85,122.75,115.6592,564000,0.0,1.0
1035,2016-08-10,121.65,122.43,121.03,121.82,114.7829,710500,0.0,1.0
1036,2016-08-09,120.29,121.58,118.9,121.23,114.227,502700,0.0,1.0
1037,2016-08-08,119.57,121.42,118.08,120.59,113.624,930800,0.0,1.0
1038,2016-08-05,121.73,123.08,118.26,119.92,112.9927,1865200,0.0,1.0
1039,2016-08-04,123.56,126.0,123.56,124.09,116.9218,766700,0.0,1.0
1040,2016-08-03,123.51,124.48,123.4,123.82,116.6674,447000,0.0,1.0
1041,2016-08-02,123.61,124.16,122.98,123.17,116.0549,793700,0.0,1.0
1042,2016-08-01,123.87,125.33,123.68,123.84,116.6862,574600,0.0,1.0
1043,2016-07-29,123.42,124.05,122.84,123.62,116.4789,426700,0.0,1.0
1044,2016-07-28,124.01,124.3,123.39,123.74,116.592,275500,0.0,1.0
1045,2016-07-27,123.83,124.62,123.16,124.27,117.0914,401000,0.0,1.0
1046,2016-07-26,124.29,125.17,123.59,123.76,116.6109,314200,0.0,1.0
1047,2016-07-25,123.57,124.24,123.07,124.0,116.837,366000,0.0,1.0
1048,2016-07-22,123.22,124.06,122.6,123.94,116.7805,373800,0.0,1.0
1049,2016-07-21,123.68,124.5,123.05,123.33,116.2057,374700,0.0,1.0
1050,2016-07-20,124.51,124.57,121.69,124.0,116.837,533900,0.0,1.0
1051,2016-07-19,123.2,124.53,122.86,124.17,116.9972,706400,0.0,1.0
1052,2016-07-18,124.83,124.83,123.62,123.98,116.8181,462200,0.0,1.0
1053,2016-07-15,126.4,126.4,124.07,124.59,117.3929,512400,0.0,1.0
1054,2016-07-14,127.62,127.68,125.98,126.04,118.7592,567300,0.0,1.0
1055,2016-07-13,127.61,127.74,126.15,126.42,119.1172,630000,0.0,1.0
1056,2016-07-12,125.89,127.32,125.37,127.2,119.8521,844000,0.0,1.0
1057,2016-07-11,125.1,126.11,124.04,125.52,118.2692,482600,0.0,1.0
1058,2016-07-08,126.04,126.04,124.6,125.06,117.8358,692800,0.0,1.0
1059,2016-07-07,124.28,125.48,123.98,124.44,117.2516,591100,0.0,1.0
1060,2016-07-06,123.32,124.99,122.66,124.87,117.6567,750100,0.0,1.0
1061,2016-07-05,120.19,123.54,120.19,123.48,116.347,761400,0.0,1.0
1062,2016-07-01,124.48,125.51,122.68,124.0,116.837,858400,0.0,1.0
1063,2016-06-30,121.36,124.43,120.07,124.31,117.1291,1162700,0.0,1.0
1064,2016-06-29,118.34,121.01,118.05,121.0,114.0103,1049700,0.0,1.0
1065,2016-06-28,113.81,117.63,113.64,117.56,110.769,795200,0.48,1.0
1066,2016-06-27,114.66,116.08,112.99,113.4,106.4148,886300,0.0,1.0
1067,2016-06-24,121.0,121.25,115.93,117.01,109.8025,1638000,0.0,1.0
1068,2016-06-23,127.94,127.94,126.6,127.65,119.7871,512300,0.0,1.0
1069,2016-06-22,127.09,127.91,126.33,126.49,118.6985,562000,0.0,1.0
1070,2016-06-21,126.54,127.43,125.35,127.33,119.4868,485600,0.0,1.0
1071,2016-06-20,126.51,128.26,126.09,126.27,118.4921,550300,0.0,1.0
1072,2016-06-17,124.67,125.75,123.43,125.33,117.61,659300,0.0,1.0
1073,2016-06-16,123.34,124.87,122.75,124.84,117.1501,404800,0.0,1.0
1074,2016-06-15,125.95,125.95,123.7,124.14,116.4933,378700,0.0,1.0
1075,2016-06-14,124.72,125.7,123.94,124.96,117.2628,329300,0.0,1.0
1076,2016-06-13,127.1,127.65,125.31,125.47,117.7413,263300,0.0,1.0
1077,2016-06-10,128.87,128.94,126.3,127.01,119.1865,548100,0.0,1.0
1078,2016-06-09,128.73,129.67,128.14,129.58,121.5982,395200,0.0,1.0
1079,2016-06-08,128.99,129.41,128.03,129.03,121.082,719100,0.0,1.0
1080,2016-06-07,128.05,129.7,127.69,129.25,121.2885,429400,0.0,1.0
1081,2016-06-06,127.7,128.75,124.66,127.68,119.8152,537200,0.0,1.0
1082,2016-06-03,127.81,127.85,126.0,127.48,119.6275,497000,0.0,1.0
1083,2016-06-02,127.99,128.83,126.97,128.75,120.8193,423600,0.0,1.0
1084,2016-06-01,127.67,128.14,126.75,128.07,120.1812,441500,0.0,1.0
1085,2016-05-31,128.5,128.69,127.19,128.02,120.1343,1384200,0.0,1.0
1086,2016-05-27,126.51,127.99,126.12,127.91,120.031,722500,0.0,1.0
1087,2016-05-26,126.36,126.98,125.42,126.61,118.8111,627500,0.0,1.0
1088,2016-05-25,127.08,128.06,125.94,126.46,118.6704,462200,0.0,1.0
1089,2016-05-24,126.13,127.08,125.17,126.62,118.8205,761100,0.0,1.0
1090,2016-05-23,125.48,126.23,124.76,125.95,118.1918,640800,0.0,1.0
1091,2016-05-20,125.15,125.77,123.9,125.57,117.8352,816700,0.0,1.0
1092,2016-05-19,124.52,125.47,122.69,125.12,117.4129,598200,0.0,1.0
1093,2016-05-18,123.22,125.4,122.52,125.27,117.5537,629700,0.0,1.0
1094,2016-05-17,123.4,124.17,121.14,123.41,115.8082,580000,0.0,1.0
1095,2016-05-16,123.12,124.61,122.87,123.91,116.2774,528800,0.0,1.0
1096,2016-05-13,123.91,126.27,122.75,122.97,115.3953,715100,0.0,1.0
1097,2016-05-12,124.44,124.57,122.01,123.89,116.2587,475800,0.0,1.0
1098,2016-05-11,125.7,125.94,124.07,124.21,116.559,594800,0.0,1.0
1099,2016-05-10,123.89,125.99,122.81,125.51,117.7789,1991600,0.0,1.0
1100,2016-05-09,122.28,123.64,121.2,123.44,115.8364,919800,0.0,1.0
1101,2016-05-06,127.36,127.36,121.24,121.56,114.0722,3221600,0.0,1.0
1102,2016-05-05,126.66,127.79,126.2,127.66,119.7964,1917500,0.0,1.0
1103,2016-05-04,125.39,126.78,124.97,126.56,118.7642,1598200,0.0,1.0
1104,2016-05-03,124.56,126.43,123.66,126.27,118.4921,1304800,0.0,1.0
1105,2016-05-02,125.44,126.74,124.8,125.96,118.2012,734700,0.0,1.0
1106,2016-04-29,123.8,125.17,122.05,124.9,117.2064,889700,0.0,1.0
1107,2016-04-28,123.54,124.62,122.68,124.15,116.5026,910700,0.0,1.0
1108,2016-04-27,124.59,124.99,123.13,124.69,117.0094,462700,0.0,1.0
1109,2016-04-26,123.96,124.46,123.16,124.4,116.7372,533000,0.0,1.0
1110,2016-04-25,123.2,124.0,122.17,123.3,115.705,460000,0.0,1.0
1111,2016-04-22,123.48,124.74,122.58,123.79,116.1648,695400,0.0,1.0
1112,2016-04-21,122.61,124.13,121.93,123.01,115.4329,1055400,0.0,1.0
1113,2016-04-20,121.1,122.46,121.02,122.31,114.776,658800,0.0,1.0
1114,2016-04-19,121.35,122.42,121.17,121.68,114.1848,924700,0.0,1.0
1115,2016-04-18,118.32,121.27,117.51,121.26,113.7907,735900,0.0,1.0
1116,2016-04-15,117.5,118.8,115.93,118.45,111.1538,939300,0.0,1.0
1117,2016-04-14,118.16,119.68,117.17,117.72,110.4687,358100,0.0,1.0
1118,2016-04-13,115.81,118.01,115.1,117.99,110.7221,621900,0.0,1.0
1119,2016-04-12,114.99,115.99,114.75,115.79,108.6576,775900,0.0,1.0
1120,2016-04-11,114.11,115.95,114.11,114.64,107.5784,553800,0.0,1.0
1121,2016-04-08,114.88,115.0,112.59,113.41,106.4242,689100,0.0,1.0
1122,2016-04-07,114.74,115.26,113.34,113.54,106.5462,702200,0.0,1.0
1123,2016-04-06,114.09,115.61,113.73,115.47,108.3573,2036100,0.0,1.0
1124,2016-04-05,116.4,116.44,113.25,114.07,107.0436,1150000,0.0,1.0
1125,2016-04-04,119.66,120.35,117.38,117.65,110.403,514300,0.0,1.0
1126,2016-04-01,118.08,120.34,117.02,119.93,112.5426,765100,0.0,1.0
1127,2016-03-31,118.78,119.34,117.86,118.66,111.3508,578000,0.0,1.0
1128,2016-03-30,118.4,119.67,118.12,118.74,111.4259,443200,0.0,1.0
1129,2016-03-29,117.99,118.93,117.02,117.98,110.7127,591000,0.48,1.0
1130,2016-03-28,119.51,120.88,118.0,118.72,110.9557,798500,0.0,1.0
1131,2016-03-24,118.89,119.44,117.64,119.41,111.6006,534100,0.0,1.0
1132,2016-03-23,121.47,121.47,119.1,119.38,111.5725,444200,0.0,1.0
1133,2016-03-22,121.03,122.91,120.72,121.47,113.5258,711400,0.0,1.0
1134,2016-03-21,120.86,121.84,119.14,121.45,113.5072,1001300,0.0,1.0
1135,2016-03-18,124.25,124.56,120.09,121.27,113.3389,1607600,0.0,1.0
1136,2016-03-17,121.01,124.41,119.45,124.03,115.9184,809300,0.0,1.0
1137,2016-03-16,120.35,121.04,119.01,120.82,112.9184,562100,0.0,1.0
1138,2016-03-15,119.84,120.76,118.09,120.7,112.8062,515900,0.0,1.0
1139,2016-03-14,120.42,121.04,118.6,120.63,112.7408,495100,0.0,1.0
1140,2016-03-11,117.93,120.76,116.63,120.62,112.7314,590200,0.0,1.0
1141,2016-03-10,116.91,118.0,114.14,116.82,109.18,416800,0.0,1.0
1142,2016-03-09,117.05,117.31,115.5,116.49,108.8715,796500,0.0,1.0
1143,2016-03-08,116.5,117.37,115.45,116.71,109.0772,841600,0.0,1.0
1144,2016-03-07,116.05,117.48,115.99,116.95,109.3015,898200,0.0,1.0
1145,2016-03-04,116.61,117.48,115.57,117.19,109.5258,692400,0.0,1.0
1146,2016-03-03,116.49,117.67,115.42,117.0,109.3482,884700,0.0,1.0
1147,2016-03-02,115.35,117.09,115.2,116.78,109.1426,1159700,0.0,1.0
1148,2016-03-01,114.27,115.57,112.65,115.51,107.9556,694100,0.0,1.0
1149,2016-02-29,113.04,115.36,111.65,113.32,105.9089,971600,0.0,1.0
1150,2016-02-26,113.34,114.18,111.01,112.75,105.3761,460200,0.0,1.0
1151,2016-02-25,111.6,112.99,110.75,112.88,105.4976,559900,0.0,1.0
1152,2016-02-24,110.77,112.49,109.82,111.56,104.264,447300,0.0,1.0
1153,2016-02-23,112.37,112.8,111.35,111.89,104.5724,411200,0.0,1.0
1154,2016-02-22,111.36,113.23,111.01,113.04,105.6472,681500,0.0,1.0
1155,2016-02-19,111.37,112.4,107.28,110.33,103.1144,1244700,0.0,1.0
1156,2016-02-18,111.12,112.2,108.93,111.6,104.3013,441400,0.0,1.0
1157,2016-02-17,110.83,112.11,107.97,111.24,103.9649,922000,0.0,1.0
1158,2016-02-16,109.11,111.3,107.01,110.77,103.5256,1185100,0.0,1.0
1159,2016-02-12,108.56,109.43,107.07,107.84,100.7873,922400,0.0,1.0
1160,2016-02-11,105.63,109.26,104.11,107.13,100.1237,1319500,0.0,1.0
1161,2016-02-10,106.73,112.11,106.36,107.52,100.4882,1946000,0.0,1.0
1162,2016-02-09,111.17,112.11,109.64,110.65,103.4135,1725200,0.0,1.0
1163,2016-02-08,113.3,113.3,110.46,111.16,103.8901,1200500,0.0,1.0
1164,2016-02-05,115.12,116.49,109.71,114.02,106.5631,997100,0.0,1.0
1165,2016-02-04,114.08,116.32,114.08,115.71,108.1426,956300,0.0,1.0
1166,2016-02-03,113.38,114.64,109.64,114.05,106.5911,896300,0.0,1.0
1167,2016-02-02,113.25,113.86,109.75,110.56,103.3294,694800,0.0,1.0
1168,2016-02-01,114.0,114.85,112.9,114.5,107.0117,574200,0.0,1.0
1169,2016-01-29,113.35,114.59,111.67,114.47,106.9837,749900,0.0,1.0
1170,2016-01-28,110.9,112.97,109.9,112.58,105.2173,680400,0.0,1.0
1171,2016-01-27,110.77,112.57,109.02,110.71,103.4696,896900,0.0,1.0
1172,2016-01-26,110.42,111.4,107.3,111.0,103.7406,563600,0.0,1.0
1173,2016-01-25,111.32,114.63,110.0,110.12,102.9181,703800,0.0,1.0
1174,2016-01-22,111.88,112.95,110.19,111.95,104.6285,745100,0.0,1.0
1175,2016-01-21,109.73,110.58,108.32,110.0,102.806,944300,0.0,1.0
1176,2016-01-20,109.06,111.6,108.32,109.3,102.1518,1654200,0.0,1.0
1177,2016-01-19,113.66,115.87,109.87,110.38,103.1611,1523500,0.0,1.0
1178,2016-01-15,113.33,114.88,111.92,112.53,105.1705,1093700,0.0,1.0
1179,2016-01-14,113.51,115.03,110.05,114.38,106.8995,785500,0.0,1.0
1180,2016-01-13,116.46,117.06,112.59,112.85,105.4696,949600,0.0,1.0
1181,2016-01-12,115.51,116.06,114.5,115.55,107.993,1098000,0.0,1.0
1182,2016-01-11,117.01,117.33,114.09,114.97,107.451,1408600,0.0,1.0
1183,2016-01-08,115.48,117.44,113.5,116.62,108.993,2006300,0.0,1.0
1184,2016-01-07,116.38,119.74,114.93,114.95,107.4323,2489500,0.0,1.0
1185,2016-01-06,125.24,125.54,119.94,119.98,112.1333,2386500,0.0,1.0
1186,2016-01-05,123.43,126.25,122.31,125.84,117.6101,2163600,0.0,1.0
